Date,Category id,Sub Category id,Row id,Cust ID,Purchase
4/12/2024,1,1,11,1001,1
12/14/2024,1,1,11,1002,1
9/27/2024,1,1,11,1055,1
4/16/2024,1,1,11,1080,1
3/12/2024,1,1,11,1058,1
7/7/2024,1,1,11,1001,1
1/21/2024,1,1,11,1001,1
4/12/2024,1,1,11,1091,1
5/1/2024,1,1,11,1053,1
8/2/2024,1,1,11,1086,1
11/26/2024,1,1,11,1095,1
3/28/2024,1,1,11,1096,1
4/9/2024,1,1,11,1000,1
12/25/2024,1,1,11,1018,1
5/31/2024,1,1,11,1001,1
5/10/2024,1,1,11,1052,1
5/29/2024,1,1,11,1043,1
11/4/2024,1,1,11,1089,1
9/14/2024,1,1,11,1031,1
12/9/2024,1,1,11,1069,1
10/20/2024,1,1,11,1031,1
7/10/2024,1,1,11,1067,1
10/3/2024,1,1,11,1054,1
6/9/2024,1,1,11,1074,1
11/9/2024,1,1,11,1055,1
1/22/2024,1,1,11,1016,1
9/9/2024,1,1,11,1037,1
8/23/2024,1,1,11,1023,1
12/10/2024,1,1,11,1068,1
2/18/2024,1,1,11,1097,1
2/28/2024,1,1,11,1069,1
6/18/2024,1,1,11,1085,1
7/6/2024,1,1,11,1010,1
9/27/2024,1,1,11,1015,1
7/8/2024,1,1,11,1096,1
6/23/2024,1,1,11,1072,1
2/20/2024,1,1,11,1058,1
12/29/2024,1,1,11,1069,1
2/24/2024,1,1,11,1079,1
8/31/2024,1,1,11,1092,1
11/15/2024,1,1,11,1002,1
5/10/2024,1,1,11,1019,1
11/2/2024,1,1,11,1058,1
5/14/2024,1,1,11,1035,1
1/21/2024,1,1,11,1018,1
11/24/2024,1,1,11,1089,1
6/15/2024,1,1,11,1066,1
9/30/2024,1,1,11,1018,1
3/29/2024,1,1,11,1019,1
11/11/2024,1,1,11,1095,1
1/14/2024,1,1,11,1070,1
8/29/2024,1,1,11,1051,1
9/21/2024,1,1,11,1032,1
12/11/2024,1,1,11,1039,1
2/22/2024,1,1,11,1038,1
12/5/2024,1,1,11,1081,1
4/1/2024,1,1,11,1000,1
9/20/2024,1,1,11,1010,1
2/4/2024,1,1,11,1091,1
7/24/2024,1,1,11,1056,1
3/21/2024,1,1,11,1088,1
2/19/2024,1,1,11,1049,1
12/25/2024,1,1,11,1022,1
1/2/2024,1,1,11,1030,1
2/23/2024,1,1,11,1093,1
4/15/2024,1,1,11,1041,1
9/16/2024,1,1,11,1098,1
11/5/2024,1,1,11,1006,1
7/9/2024,1,1,11,1015,1
8/5/2024,1,1,11,1089,1
2/13/2024,1,1,11,1059,1
6/10/2024,1,1,11,1001,1
7/20/2024,1,1,11,1000,1
9/26/2024,1,1,11,1047,1
12/16/2024,1,1,11,1011,1
10/30/2024,1,1,11,1068,1
9/27/2024,1,1,11,1036,1
8/2/2024,1,1,11,1031,1
9/8/2024,1,1,11,1008,1
7/8/2024,1,1,11,1098,1
10/22/2024,1,1,11,1018,1
7/31/2024,1,1,11,1047,1
7/26/2024,1,1,11,1079,1
8/24/2024,1,1,11,1002,1
12/3/2024,1,1,11,1019,1
2/22/2024,1,1,11,1023,1
10/6/2024,1,1,11,1053,1
8/4/2024,1,1,11,1032,1
9/8/2024,1,1,11,1023,1
7/6/2024,1,1,11,1074,1
2/10/2024,1,1,11,1071,1
6/5/2024,1,1,11,1035,1
1/15/2024,1,1,11,1037,1
10/27/2024,1,1,11,1083,1
3/5/2024,1,1,11,1098,1
12/10/2024,1,1,11,1088,1
11/22/2024,1,1,11,1098,1
1/9/2024,1,1,11,1024,1
12/9/2024,1,1,11,1092,1
5/8/2024,1,1,11,1017,1
5/15/2024,1,1,11,1081,1
3/3/2024,1,1,11,1065,1
5/18/2024,1,1,11,1053,1
3/21/2024,1,1,11,1034,1
6/11/2024,1,1,11,1079,1
10/15/2024,1,1,11,1060,1
9/17/2024,1,1,11,1040,1
8/18/2024,1,1,11,1099,1
2/10/2024,1,1,11,1032,1
1/28/2024,1,1,11,1067,1
5/14/2024,1,1,11,1032,1
7/19/2024,1,1,11,1013,1
11/23/2024,1,1,11,1020,1
9/24/2024,1,1,11,1047,1
2/2/2024,1,1,11,1019,1
2/17/2024,1,1,11,1007,1
3/2/2024,1,1,11,1006,1
8/3/2024,1,1,11,1066,1
10/19/2024,1,1,11,1016,1
4/8/2024,1,1,11,1032,1
6/20/2024,1,1,11,1047,1
12/25/2024,1,1,11,1075,1
8/1/2024,1,1,11,1058,1
2/4/2024,1,1,11,1085,1
8/14/2024,1,1,11,1021,1
4/10/2024,1,1,11,1029,1
5/10/2024,1,1,11,1037,1
9/13/2024,1,1,11,1050,1
1/5/2024,1,1,11,1053,1
8/5/2024,1,1,11,1007,1
9/11/2024,1,1,11,1026,1
12/24/2024,1,1,11,1026,1
10/9/2024,1,1,11,1097,1
7/25/2024,1,1,11,1020,1
1/15/2024,1,1,11,1029,1
12/11/2024,1,1,11,1096,1
2/11/2024,1,1,11,1027,1
6/27/2024,1,1,11,1063,1
3/3/2024,1,1,11,1096,1
12/17/2024,1,1,11,1068,1
8/18/2024,1,1,11,1060,1
8/28/2024,1,1,11,1047,1
2/21/2024,1,1,11,1018,1
4/5/2024,1,1,11,1003,1
8/9/2024,1,1,11,1034,1
8/18/2024,1,1,11,1063,1
8/24/2024,1,1,11,1048,1
5/22/2024,1,1,11,1016,1
6/19/2024,1,1,11,1043,1
1/29/2024,1,1,11,1091,1
2/5/2024,1,1,11,1029,1
1/13/2024,1,1,11,1092,1
6/8/2024,1,1,11,1045,1
11/22/2024,1,1,11,1005,1
7/5/2024,1,1,11,1098,1
8/30/2024,1,1,11,1036,1
3/26/2024,1,1,11,1023,1
10/10/2024,1,1,11,1092,1
3/6/2024,1,1,11,1045,1
6/18/2024,1,1,11,1052,1
2/14/2024,1,1,11,1094,1
3/2/2024,1,1,11,1098,1
5/13/2024,1,1,11,1059,1
10/10/2024,1,1,11,1096,1
1/28/2024,1,1,11,1062,1
4/17/2024,1,1,11,1084,1
2/13/2024,1,1,11,1031,1
12/5/2024,1,1,11,1086,1
10/12/2024,1,1,11,1032,1
11/26/2024,1,1,11,1066,1
5/7/2024,1,1,11,1017,1
12/13/2024,1,1,11,1024,1
8/18/2024,1,1,11,1094,1
7/8/2024,1,1,11,1053,1
8/12/2024,1,1,11,1057,1
10/9/2024,1,1,11,1066,1
4/30/2024,1,1,11,1045,1
4/25/2024,1,1,11,1023,1
8/20/2024,1,1,11,1031,1
9/15/2024,1,1,11,1046,1
12/24/2024,1,1,11,1085,1
7/16/2024,1,1,11,1022,1
5/16/2024,1,1,11,1065,1
11/13/2024,1,1,11,1026,1
6/13/2024,1,1,11,1001,1
8/12/2024,1,1,11,1089,1
11/2/2024,1,1,11,1016,1
8/21/2024,1,1,11,1032,1
6/20/2024,1,1,11,1008,1
5/31/2024,1,1,11,1042,1
11/10/2024,1,1,11,1047,1
6/8/2024,1,1,11,1038,1
4/5/2024,1,1,11,1092,1
8/20/2024,1,1,11,1041,1
6/28/2024,1,1,11,1025,1
4/22/2024,1,1,11,1098,1
11/13/2024,1,1,11,1049,1
2/21/2024,1,1,11,1024,1
9/24/2024,1,1,11,1023,1
10/21/2024,1,1,11,1012,1
11/11/2024,1,2,12,1002,1
11/8/2024,1,2,12,1015,1
2/5/2024,1,2,12,1086,1
6/21/2024,1,2,12,1056,1
1/20/2024,1,2,12,1074,1
11/16/2024,1,2,12,1011,1
9/20/2024,1,2,12,1073,1
5/21/2024,1,2,12,1095,1
5/22/2024,1,2,12,1015,1
4/1/2024,1,2,12,1071,1
12/19/2024,1,2,12,1075,1
11/17/2024,1,2,12,1023,1
10/14/2024,1,2,12,1027,1
8/2/2024,1,2,12,1007,1
12/7/2024,1,2,12,1091,1
2/20/2024,1,2,12,1035,1
6/1/2024,1,2,12,1089,1
7/4/2024,1,2,12,1007,1
3/3/2024,1,2,12,1057,1
7/8/2024,1,2,12,1059,1
5/4/2024,1,2,12,1049,1
5/29/2024,1,2,12,1027,1
11/9/2024,1,2,12,1091,1
2/27/2024,1,2,12,1040,1
12/7/2024,1,2,12,1099,1
10/31/2024,1,2,12,1063,1
6/28/2024,1,2,12,1026,1
6/18/2024,1,2,12,1062,1
11/21/2024,1,2,12,1016,1
9/27/2024,1,2,12,1072,1
2/23/2024,1,2,12,1032,1
4/10/2024,1,2,12,1083,1
9/20/2024,1,2,12,1076,1
2/22/2024,1,2,12,1091,1
2/29/2024,1,2,12,1028,1
4/17/2024,1,2,12,1012,1
1/5/2024,1,2,12,1045,1
4/12/2024,1,2,12,1034,1
7/14/2024,1,2,12,1005,1
9/18/2024,1,2,12,1081,1
12/30/2024,1,2,12,1068,1
12/15/2024,1,2,12,1046,1
2/16/2024,1,2,12,1024,1
12/20/2024,1,2,12,1065,1
11/6/2024,1,2,12,1009,1
11/3/2024,1,2,12,1055,1
5/23/2024,1,2,12,1029,1
9/25/2024,1,2,12,1004,1
5/3/2024,1,2,12,1032,1
4/15/2024,1,2,12,1064,1
6/6/2024,1,2,12,1017,1
5/26/2024,1,2,12,1095,1
5/24/2024,1,2,12,1048,1
4/29/2024,1,2,12,1010,1
11/14/2024,1,2,12,1084,1
10/1/2024,1,2,12,1025,1
4/1/2024,1,2,12,1062,1
2/27/2024,1,2,12,1088,1
12/11/2024,1,2,12,1085,1
8/16/2024,1,2,12,1058,1
4/26/2024,1,2,12,1026,1
11/13/2024,1,2,12,1048,1
10/5/2024,1,2,12,1076,1
5/6/2024,1,2,12,1032,1
5/8/2024,1,2,12,1097,1
2/27/2024,1,2,12,1098,1
5/1/2024,1,2,12,1000,1
1/1/2024,1,2,12,1020,1
8/26/2024,1,2,12,1054,1
10/16/2024,1,2,12,1005,1
4/5/2024,1,2,12,1091,1
5/5/2024,1,2,12,1080,1
4/27/2024,1,2,12,1068,1
2/17/2024,1,2,12,1094,1
3/29/2024,1,2,12,1004,1
8/24/2024,1,2,12,1002,1
9/28/2024,1,2,12,1052,1
7/7/2024,1,2,12,1022,1
7/10/2024,1,2,12,1052,1
3/9/2024,1,2,12,1036,1
10/4/2024,1,2,12,1073,1
12/14/2024,1,2,12,1073,1
9/3/2024,1,2,12,1082,1
3/16/2024,1,2,12,1016,1
6/2/2024,1,2,12,1084,1
5/23/2024,1,2,12,1077,1
3/26/2024,1,2,12,1072,1
7/3/2024,1,2,12,1000,1
10/11/2024,1,2,12,1050,1
8/7/2024,1,2,12,1044,1
3/9/2024,1,2,12,1076,1
2/16/2024,1,2,12,1003,1
4/3/2024,1,2,12,1061,1
8/25/2024,1,2,12,1064,1
7/22/2024,1,2,12,1031,1
8/5/2024,1,2,12,1033,1
12/6/2024,1,2,12,1091,1
2/8/2024,1,2,12,1094,1
4/9/2024,1,2,12,1071,1
10/15/2024,1,2,12,1038,1
9/10/2024,1,2,12,1025,1
8/9/2024,1,2,12,1033,1
12/22/2024,1,2,12,1053,1
1/23/2024,1,2,12,1002,1
9/6/2024,1,2,12,1049,1
1/10/2024,1,2,12,1011,1
9/2/2024,1,2,12,1064,1
11/20/2024,1,2,12,1053,1
4/9/2024,1,2,12,1004,1
10/16/2024,1,2,12,1093,1
6/28/2024,1,2,12,1093,1
8/10/2024,1,2,12,1056,1
9/6/2024,1,2,12,1016,1
5/26/2024,1,2,12,1046,1
4/5/2024,1,2,12,1022,1
9/13/2024,1,2,12,1078,1
11/20/2024,1,2,12,1084,1
1/4/2024,1,2,12,1013,1
1/16/2024,1,2,12,1065,1
10/6/2024,1,2,12,1074,1
12/1/2024,1,2,12,1050,1
9/3/2024,1,2,12,1037,1
9/14/2024,1,2,12,1063,1
6/8/2024,1,2,12,1097,1
12/5/2024,1,2,12,1037,1
5/31/2024,1,2,12,1049,1
6/26/2024,1,2,12,1097,1
6/11/2024,1,2,12,1081,1
2/2/2024,1,2,12,1029,1
6/27/2024,1,2,12,1078,1
4/10/2024,1,2,12,1090,1
9/24/2024,1,2,12,1050,1
11/18/2024,1,2,12,1062,1
3/5/2024,1,2,12,1097,1
6/16/2024,1,2,12,1051,1
11/25/2024,1,2,12,1037,1
2/12/2024,1,2,12,1096,1
2/13/2024,1,2,12,1087,1
10/11/2024,1,2,12,1078,1
1/12/2024,1,2,12,1029,1
4/4/2024,1,2,12,1050,1
10/28/2024,1,2,12,1080,1
9/9/2024,1,2,12,1004,1
8/29/2024,1,2,12,1028,1
2/4/2024,1,2,12,1003,1
8/2/2024,1,2,12,1009,1
12/2/2024,1,2,12,1055,1
3/30/2024,1,2,12,1016,1
9/20/2024,1,2,12,1073,1
4/2/2024,1,2,12,1016,1
3/30/2024,1,2,12,1083,1
4/24/2024,1,2,12,1087,1
4/14/2024,1,2,12,1068,1
7/14/2024,1,2,12,1033,1
11/9/2024,1,2,12,1005,1
4/23/2024,1,2,12,1052,1
3/15/2024,1,2,12,1065,1
8/4/2024,1,2,12,1076,1
10/3/2024,1,2,12,1042,1
9/5/2024,1,2,12,1074,1
6/12/2024,1,2,12,1022,1
12/22/2024,1,2,12,1054,1
7/10/2024,1,2,12,1079,1
8/14/2024,1,2,12,1094,1
6/25/2024,1,2,12,1074,1
4/8/2024,1,2,12,1015,1
2/5/2024,1,2,12,1007,1
4/5/2024,1,2,12,1003,1
5/31/2024,1,2,12,1003,1
5/30/2024,1,2,12,1055,1
7/8/2024,1,2,12,1024,1
8/11/2024,1,2,12,1066,1
2/6/2024,1,2,12,1095,1
9/24/2024,1,2,12,1066,1
7/1/2024,1,2,12,1026,1
1/13/2024,1,2,12,1092,1
10/5/2024,1,2,12,1031,1
8/4/2024,1,2,12,1049,1
12/20/2024,1,2,12,1060,1
12/26/2024,1,2,12,1050,1
10/12/2024,1,2,12,1018,1
9/29/2024,1,2,12,1020,1
3/2/2024,1,2,12,1004,1
3/24/2024,1,2,12,1081,1
8/4/2024,1,2,12,1091,1
12/7/2024,1,2,12,1041,1
7/5/2024,1,2,12,1060,1
1/19/2024,1,2,12,1021,1
6/25/2024,1,2,12,1020,1
4/9/2024,1,2,12,1069,1
8/20/2024,1,2,12,1000,1
3/16/2024,1,2,12,1004,1
9/21/2024,1,2,12,1011,1
10/10/2024,1,2,12,1089,1
7/24/2024,1,2,12,1045,1
8/10/2024,1,2,12,1033,1
2/21/2024,1,2,12,1048,1
12/4/2024,1,2,12,1077,1
5/23/2024,1,2,12,1089,1
3/9/2024,1,2,12,1044,1
4/8/2024,1,2,12,1026,1
1/25/2024,1,2,12,1072,1
2/22/2024,1,2,12,1025,1
5/30/2024,1,2,12,1046,1
5/23/2024,1,2,12,1085,1
2/26/2024,1,2,12,1055,1
2/8/2024,1,2,12,1093,1
4/18/2024,1,2,12,1062,1
6/29/2024,1,2,12,1047,1
2/11/2024,1,2,12,1060,1
7/4/2024,1,2,12,1080,1
8/10/2024,1,2,12,1025,1
5/1/2024,1,2,12,1035,1
5/12/2024,1,2,12,1000,1
6/11/2024,1,2,12,1007,1
8/2/2024,1,2,12,1098,1
8/8/2024,1,2,12,1051,1
8/22/2024,1,2,12,1078,1
11/26/2024,1,2,12,1046,1
5/25/2024,1,2,12,1055,1
8/26/2024,1,2,12,1085,1
3/16/2024,1,2,12,1013,1
1/9/2024,1,2,12,1089,1
3/14/2024,1,2,12,1027,1
9/9/2024,1,2,12,1086,1
8/17/2024,1,2,12,1077,1
1/7/2024,1,2,12,1087,1
6/22/2024,1,2,12,1001,1
5/20/2024,1,2,12,1025,1
6/16/2024,1,2,12,1013,1
6/18/2024,1,2,12,1058,1
10/9/2024,1,2,12,1055,1
5/1/2024,1,2,12,1006,1
7/12/2024,1,2,12,1002,1
1/5/2024,1,2,12,1022,1
1/29/2024,1,2,12,1017,1
6/13/2024,1,2,12,1037,1
12/4/2024,1,2,12,1098,1
5/15/2024,1,2,12,1014,1
12/30/2024,1,2,12,1063,1
11/16/2024,1,2,12,1088,1
12/7/2024,1,2,12,1027,1
5/24/2024,1,2,12,1073,1
11/22/2024,1,2,12,1038,1
8/4/2024,1,2,12,1056,1
10/27/2024,1,2,12,1016,1
5/11/2024,1,2,12,1085,1
10/18/2024,1,2,12,1089,1
3/10/2024,1,2,12,1043,1
9/8/2024,1,2,12,1024,1
10/1/2024,1,2,12,1016,1
12/29/2024,1,2,12,1012,1
6/30/2024,1,2,12,1083,1
6/15/2024,1,2,12,1024,1
3/31/2024,1,2,12,1067,1
7/20/2024,1,2,12,1009,1
12/11/2024,1,2,12,1066,1
1/19/2024,1,2,12,1017,1
2/8/2024,1,2,12,1099,1
5/5/2024,1,2,12,1085,1
6/21/2024,1,2,12,1033,1
5/20/2024,1,2,12,1007,1
8/29/2024,1,2,12,1039,1
8/7/2024,1,2,12,1082,1
5/5/2024,1,2,12,1041,1
2/27/2024,1,2,12,1040,1
5/27/2024,1,2,12,1005,1
11/12/2024,1,2,12,1051,1
12/26/2024,1,2,12,1025,1
1/1/2024,1,2,12,1063,1
12/13/2024,1,2,12,1097,1
7/8/2024,1,2,12,1058,1
7/9/2024,1,2,12,1055,1
11/7/2024,1,2,12,1058,1
4/26/2024,1,2,12,1069,1
5/13/2024,1,2,12,1032,1
2/27/2024,1,2,12,1052,1
2/13/2024,1,2,12,1021,1
6/21/2024,1,2,12,1020,1
6/8/2024,1,2,12,1069,1
6/21/2024,1,2,12,1069,1
11/12/2024,1,2,12,1003,1
10/29/2024,1,2,12,1093,1
5/28/2024,1,2,12,1074,1
3/20/2024,1,2,12,1061,1
7/31/2024,1,2,12,1061,1
7/21/2024,1,2,12,1093,1
9/8/2024,1,2,12,1094,1
8/16/2024,1,2,12,1023,1
6/12/2024,1,2,12,1054,1
8/14/2024,1,2,12,1008,1
5/26/2024,1,2,12,1002,1
1/20/2024,1,2,12,1030,1
2/16/2024,1,2,12,1039,1
8/20/2024,1,2,12,1035,1
10/31/2024,1,2,12,1023,1
1/14/2024,1,2,12,1094,1
5/22/2024,1,2,12,1005,1
1/1/2024,1,2,12,1065,1
2/23/2024,1,2,12,1083,1
8/7/2024,1,3,13,1016,1
3/15/2024,1,3,13,1096,1
1/4/2024,1,3,13,1065,1
11/30/2024,1,3,13,1077,1
5/13/2024,1,3,13,1052,1
4/27/2024,1,3,13,1050,1
4/3/2024,1,3,13,1038,1
3/2/2024,1,3,13,1050,1
7/12/2024,1,3,13,1069,1
11/30/2024,1,3,13,1005,1
7/21/2024,1,3,13,1066,1
1/26/2024,1,3,13,1006,1
6/21/2024,1,3,13,1050,1
10/26/2024,1,3,13,1071,1
5/12/2024,1,3,13,1041,1
11/21/2024,1,3,13,1063,1
4/27/2024,1,3,13,1014,1
11/19/2024,1,3,13,1028,1
10/1/2024,1,3,13,1032,1
7/30/2024,1,3,13,1093,1
8/12/2024,1,3,13,1026,1
1/20/2024,1,3,13,1035,1
4/22/2024,1,3,13,1028,1
5/19/2024,1,3,13,1037,1
2/16/2024,1,3,13,1056,1
1/1/2024,1,3,13,1096,1
3/30/2024,1,3,13,1026,1
5/21/2024,1,3,13,1054,1
11/15/2024,1,3,13,1032,1
2/7/2024,1,3,13,1067,1
10/19/2024,1,3,13,1085,1
5/18/2024,1,3,13,1065,1
12/21/2024,1,3,13,1009,1
11/28/2024,1,3,13,1004,1
9/15/2024,1,3,13,1073,1
6/9/2024,1,3,13,1096,1
6/26/2024,1,3,13,1037,1
1/10/2024,1,3,13,1012,1
9/17/2024,1,3,13,1030,1
5/17/2024,1,3,13,1046,1
6/20/2024,1,3,13,1099,1
1/13/2024,1,3,13,1087,1
6/16/2024,1,3,13,1051,1
5/9/2024,1,3,13,1055,1
3/24/2024,1,3,13,1014,1
11/16/2024,1,3,13,1028,1
11/14/2024,1,3,13,1007,1
4/10/2024,1,3,13,1004,1
11/24/2024,1,3,13,1028,1
9/29/2024,1,3,13,1046,1
9/21/2024,1,3,13,1067,1
2/7/2024,1,3,13,1075,1
4/3/2024,1,3,13,1044,1
4/4/2024,1,3,13,1001,1
10/31/2024,1,3,13,1026,1
3/9/2024,1,3,13,1094,1
11/13/2024,1,3,13,1035,1
8/23/2024,1,3,13,1035,1
11/29/2024,1,3,13,1025,1
5/16/2024,1,3,13,1042,1
3/16/2024,1,3,13,1026,1
2/4/2024,1,3,13,1068,1
1/1/2024,1,3,13,1019,1
10/22/2024,1,3,13,1010,1
11/15/2024,1,3,13,1073,1
2/29/2024,1,3,13,1037,1
11/15/2024,1,3,13,1005,1
12/14/2024,1,3,13,1071,1
11/23/2024,1,3,13,1022,1
9/23/2024,1,3,13,1046,1
12/26/2024,1,3,13,1089,1
8/16/2024,1,3,13,1045,1
9/26/2024,1,3,13,1011,1
11/11/2024,1,3,13,1089,1
10/12/2024,1,3,13,1012,1
10/17/2024,1,3,13,1061,1
7/31/2024,1,3,13,1081,1
6/13/2024,1,3,13,1088,1
1/5/2024,1,3,13,1096,1
12/4/2024,1,3,13,1059,1
3/18/2024,1,3,13,1042,1
3/2/2024,1,3,13,1075,1
5/11/2024,1,3,13,1099,1
3/29/2024,1,3,13,1067,1
8/24/2024,1,3,13,1004,1
2/11/2024,1,3,13,1036,1
3/29/2024,1,3,13,1071,1
10/22/2024,1,3,13,1091,1
11/23/2024,1,3,13,1030,1
10/21/2024,1,3,13,1008,1
4/13/2024,1,3,13,1050,1
1/14/2024,1,3,13,1028,1
10/14/2024,1,3,13,1077,1
6/27/2024,1,3,13,1039,1
5/4/2024,1,3,13,1040,1
12/18/2024,1,3,13,1085,1
1/23/2024,1,3,13,1010,1
3/3/2024,1,3,13,1022,1
5/22/2024,1,3,13,1000,1
6/1/2024,1,3,13,1045,1
4/10/2024,2,1,21,1012,1
12/11/2024,2,1,21,1012,1
4/19/2024,2,1,21,1017,1
6/30/2024,2,1,21,1031,1
11/8/2024,2,1,21,1095,1
1/1/2024,2,1,21,1098,1
11/14/2024,2,1,21,1038,1
2/24/2024,2,1,21,1045,1
5/28/2024,2,1,21,1028,1
11/4/2024,2,1,21,1061,1
5/16/2024,2,1,21,1092,1
7/20/2024,2,1,21,1061,1
11/8/2024,2,1,21,1056,1
4/26/2024,2,1,21,1015,1
6/2/2024,2,1,21,1055,1
10/17/2024,2,1,21,1009,1
3/3/2024,2,1,21,1029,1
8/31/2024,2,1,21,1024,1
1/25/2024,2,1,21,1083,1
3/30/2024,2,1,21,1004,1
3/15/2024,2,1,21,1064,1
10/20/2024,2,1,21,1093,1
7/28/2024,2,1,21,1048,1
12/12/2024,2,1,21,1002,1
1/17/2024,2,1,21,1044,1
5/7/2024,2,1,21,1013,1
12/29/2024,2,1,21,1029,1
9/7/2024,2,1,21,1067,1
6/27/2024,2,1,21,1017,1
6/30/2024,2,1,21,1061,1
5/31/2024,2,1,21,1036,1
1/25/2024,2,1,21,1024,1
6/28/2024,2,1,21,1047,1
7/16/2024,2,1,21,1064,1
12/9/2024,2,1,21,1052,1
6/9/2024,2,1,21,1078,1
6/25/2024,2,1,21,1072,1
10/11/2024,2,1,21,1014,1
3/3/2024,2,1,21,1048,1
5/29/2024,2,1,21,1087,1
6/2/2024,2,1,21,1067,1
6/4/2024,2,1,21,1011,1
2/18/2024,2,1,21,1058,1
12/2/2024,2,1,21,1036,1
3/24/2024,2,1,21,1060,1
12/26/2024,2,1,21,1042,1
6/25/2024,2,1,21,1069,1
5/27/2024,2,1,21,1038,1
4/27/2024,2,1,21,1055,1
12/7/2024,2,1,21,1062,1
3/3/2024,2,1,21,1045,1
7/7/2024,2,1,21,1087,1
12/25/2024,2,1,21,1010,1
2/18/2024,2,1,21,1061,1
11/22/2024,2,1,21,1076,1
9/13/2024,2,1,21,1097,1
8/11/2024,2,1,21,1024,1
5/20/2024,2,1,21,1070,1
8/2/2024,2,1,21,1051,1
7/29/2024,2,1,21,1003,1
11/13/2024,2,1,21,1058,1
2/1/2024,2,1,21,1071,1
6/6/2024,2,1,21,1019,1
10/11/2024,2,1,21,1092,1
10/31/2024,2,1,21,1062,1
10/12/2024,2,1,21,1053,1
5/23/2024,2,1,21,1073,1
1/19/2024,2,1,21,1097,1
1/18/2024,2,1,21,1056,1
9/13/2024,2,1,21,1089,1
3/18/2024,2,1,21,1040,1
6/23/2024,2,1,21,1002,1
7/12/2024,2,1,21,1005,1
4/22/2024,2,1,21,1004,1
4/23/2024,2,1,21,1004,1
8/9/2024,2,1,21,1053,1
6/14/2024,2,1,21,1046,1
11/14/2024,2,1,21,1086,1
5/11/2024,2,1,21,1048,1
9/20/2024,2,1,21,1008,1
2/24/2024,2,1,21,1098,1
12/24/2024,2,1,21,1019,1
5/10/2024,2,1,21,1060,1
10/14/2024,2,1,21,1034,1
9/22/2024,2,1,21,1049,1
12/31/2024,2,1,21,1081,1
6/10/2024,2,1,21,1061,1
3/27/2024,2,1,21,1016,1
2/24/2024,2,1,21,1087,1
10/14/2024,2,1,21,1002,1
6/26/2024,2,1,21,1031,1
12/14/2024,2,1,21,1098,1
1/8/2024,2,1,21,1012,1
11/16/2024,2,1,21,1088,1
11/8/2024,2,1,21,1072,1
9/3/2024,2,1,21,1067,1
11/18/2024,2,1,21,1013,1
9/11/2024,2,1,21,1097,1
11/23/2024,2,1,21,1010,1
2/23/2024,2,1,21,1055,1
9/5/2024,2,1,21,1066,1
8/26/2024,2,1,21,1091,1
8/16/2024,2,1,21,1028,1
3/7/2024,2,1,21,1008,1
2/20/2024,2,1,21,1066,1
4/6/2024,2,1,21,1024,1
4/1/2024,2,1,21,1097,1
9/20/2024,2,1,21,1075,1
10/17/2024,2,1,21,1041,1
4/5/2024,2,1,21,1008,1
3/28/2024,2,1,21,1078,1
3/18/2024,2,1,21,1039,1
10/14/2024,2,1,21,1024,1
4/29/2024,2,1,21,1004,1
10/28/2024,2,1,21,1010,1
6/13/2024,2,1,21,1058,1
6/30/2024,2,1,21,1097,1
8/10/2024,2,1,21,1087,1
11/6/2024,2,1,21,1078,1
1/7/2024,2,1,21,1037,1
11/25/2024,2,1,21,1071,1
9/19/2024,2,1,21,1004,1
6/9/2024,2,1,21,1047,1
5/30/2024,2,1,21,1089,1
3/25/2024,2,1,21,1017,1
5/26/2024,2,1,21,1069,1
4/21/2024,2,1,21,1036,1
2/5/2024,2,1,21,1059,1
10/11/2024,2,1,21,1047,1
7/6/2024,2,1,21,1076,1
3/22/2024,2,1,21,1027,1
1/2/2024,2,1,21,1068,1
10/29/2024,2,1,21,1076,1
7/15/2024,2,1,21,1080,1
1/11/2024,2,1,21,1039,1
8/21/2024,2,1,21,1044,1
7/13/2024,2,1,21,1095,1
4/28/2024,2,1,21,1061,1
1/20/2024,2,1,21,1092,1
9/17/2024,2,1,21,1057,1
10/19/2024,2,1,21,1066,1
9/12/2024,2,1,21,1055,1
8/9/2024,2,1,21,1039,1
8/13/2024,2,1,21,1097,1
2/22/2024,2,1,21,1039,1
12/20/2024,2,1,21,1090,1
12/7/2024,2,1,21,1076,1
12/29/2024,2,1,21,1032,1
10/6/2024,2,1,21,1005,1
3/21/2024,2,1,21,1087,1
7/20/2024,2,1,21,1018,1
6/6/2024,2,1,21,1079,1
4/29/2024,2,1,21,1039,1
2/28/2024,2,1,21,1091,1
8/2/2024,2,1,21,1096,1
5/7/2024,2,1,21,1058,1
8/11/2024,2,1,21,1058,1
7/27/2024,2,1,21,1047,1
4/24/2024,2,1,21,1040,1
7/27/2024,2,1,21,1012,1
1/14/2024,2,1,21,1044,1
1/9/2024,2,1,21,1088,1
2/9/2024,2,1,21,1052,1
8/24/2024,2,1,21,1041,1
10/7/2024,2,1,21,1099,1
12/24/2024,2,1,21,1062,1
7/19/2024,2,1,21,1026,1
9/2/2024,2,1,21,1037,1
10/4/2024,2,1,21,1059,1
8/22/2024,2,1,21,1006,1
1/4/2024,2,1,21,1004,1
6/2/2024,2,1,21,1044,1
1/29/2024,2,1,21,1057,1
4/18/2024,2,1,21,1030,1
4/7/2024,2,1,21,1022,1
8/2/2024,2,1,21,1041,1
10/19/2024,2,1,21,1009,1
3/15/2024,2,1,21,1031,1
11/21/2024,2,1,21,1052,1
5/25/2024,2,1,21,1029,1
5/7/2024,2,1,21,1038,1
12/6/2024,2,1,21,1030,1
2/11/2024,2,1,21,1081,1
12/21/2024,2,1,21,1099,1
2/10/2024,2,1,21,1001,1
2/3/2024,2,1,21,1077,1
1/17/2024,2,1,21,1076,1
6/13/2024,2,1,21,1092,1
6/1/2024,2,1,21,1011,1
3/16/2024,2,1,21,1038,1
3/27/2024,2,1,21,1065,1
4/26/2024,2,1,21,1095,1
12/27/2024,2,1,21,1012,1
12/7/2024,2,1,21,1045,1
1/27/2024,2,1,21,1026,1
11/8/2024,2,1,21,1016,1
10/13/2024,2,1,21,1094,1
5/13/2024,2,1,21,1097,1
8/6/2024,2,1,21,1059,1
6/16/2024,2,1,21,1063,1
4/7/2024,2,1,21,1087,1
9/24/2024,2,1,21,1034,1
8/24/2024,2,1,21,1069,1
11/4/2024,2,1,21,1082,1
6/21/2024,2,1,21,1029,1
7/8/2024,2,1,21,1070,1
5/1/2024,2,1,21,1073,1
2/15/2024,2,1,21,1095,1
3/4/2024,2,1,21,1097,1
5/9/2024,2,1,21,1062,1
11/5/2024,2,1,21,1027,1
12/28/2024,2,1,21,1059,1
7/11/2024,2,1,21,1078,1
11/2/2024,2,1,21,1093,1
6/29/2024,2,1,21,1036,1
10/18/2024,2,1,21,1092,1
10/8/2024,2,1,21,1021,1
1/29/2024,2,1,21,1067,1
5/28/2024,2,1,21,1019,1
9/23/2024,2,1,21,1095,1
10/22/2024,2,1,21,1099,1
1/11/2024,2,1,21,1067,1
6/12/2024,2,1,21,1090,1
4/22/2024,2,1,21,1063,1
7/5/2024,2,1,21,1016,1
10/21/2024,2,1,21,1011,1
8/19/2024,2,1,21,1021,1
8/14/2024,2,1,21,1016,1
11/5/2024,2,1,21,1009,1
4/7/2024,2,1,21,1064,1
2/24/2024,2,1,21,1021,1
4/20/2024,2,1,21,1089,1
5/31/2024,2,1,21,1081,1
9/2/2024,2,1,21,1049,1
3/9/2024,2,1,21,1013,1
11/7/2024,2,1,21,1063,1
10/15/2024,2,1,21,1046,1
9/6/2024,2,1,21,1028,1
2/5/2024,2,1,21,1075,1
8/26/2024,2,1,21,1035,1
5/27/2024,2,1,21,1098,1
8/14/2024,2,1,21,1051,1
8/31/2024,2,1,21,1075,1
12/2/2024,2,1,21,1006,1
12/30/2024,2,1,21,1028,1
7/19/2024,2,1,21,1010,1
6/2/2024,2,1,21,1032,1
3/13/2024,2,1,21,1005,1
7/19/2024,2,1,21,1078,1
10/22/2024,2,1,21,1031,1
1/17/2024,2,1,21,1050,1
5/8/2024,2,1,21,1074,1
8/4/2024,2,1,21,1057,1
3/1/2024,2,1,21,1086,1
4/13/2024,2,1,21,1025,1
2/11/2024,2,1,21,1097,1
1/25/2024,2,1,21,1045,1
2/8/2024,2,1,21,1097,1
10/17/2024,2,1,21,1028,1
5/10/2024,2,1,21,1003,1
8/16/2024,2,1,21,1080,1
4/17/2024,2,1,21,1098,1
6/20/2024,2,1,21,1012,1
4/11/2024,2,1,21,1038,1
12/19/2024,2,1,21,1014,1
1/12/2024,2,1,21,1028,1
10/1/2024,2,1,21,1028,1
4/10/2024,2,1,21,1074,1
2/13/2024,2,1,21,1031,1
10/31/2024,2,1,21,1001,1
1/17/2024,2,1,21,1046,1
11/25/2024,2,1,21,1077,1
2/26/2024,2,1,21,1083,1
11/6/2024,2,1,21,1021,1
10/29/2024,2,1,21,1074,1
1/12/2024,2,1,21,1026,1
11/13/2024,2,1,21,1066,1
3/20/2024,2,1,21,1080,1
8/3/2024,2,1,21,1055,1
12/4/2024,2,1,21,1091,1
9/20/2024,2,1,21,1092,1
5/28/2024,2,1,21,1020,1
3/21/2024,2,1,21,1046,1
8/2/2024,2,1,21,1079,1
7/16/2024,2,1,21,1058,1
7/18/2024,2,1,21,1083,1
1/25/2024,2,1,21,1005,1
3/29/2024,2,1,21,1018,1
9/24/2024,2,1,21,1056,1
5/22/2024,2,1,21,1068,1
2/28/2024,2,1,21,1002,1
12/30/2024,2,1,21,1000,1
1/26/2024,2,1,21,1057,1
2/16/2024,2,1,21,1037,1
10/14/2024,2,1,21,1014,1
9/22/2024,2,1,21,1033,1
1/16/2024,2,1,21,1060,1
7/17/2024,2,1,21,1034,1
10/8/2024,2,1,21,1063,1
3/26/2024,2,1,21,1024,1
9/6/2024,2,1,21,1023,1
9/26/2024,2,1,21,1011,1
11/30/2024,2,1,21,1017,1
4/26/2024,2,1,21,1014,1
1/7/2024,2,1,21,1079,1
5/16/2024,2,1,21,1026,1
6/24/2024,2,1,21,1071,1
11/23/2024,2,1,21,1059,1
11/10/2024,2,1,21,1045,1
8/2/2024,2,1,21,1088,1
3/22/2024,2,1,21,1016,1
8/10/2024,2,1,21,1092,1
4/12/2024,2,1,21,1052,1
9/29/2024,2,1,21,1007,1
1/14/2024,2,1,21,1078,1
6/7/2024,2,1,21,1026,1
5/31/2024,2,1,21,1045,1
4/17/2024,2,1,21,1049,1
7/6/2024,2,1,21,1070,1
10/27/2024,2,1,21,1002,1
4/7/2024,2,1,21,1092,1
5/10/2024,2,1,21,1063,1
10/19/2024,2,1,21,1043,1
6/19/2024,2,1,21,1052,1
7/1/2024,2,1,21,1023,1
12/29/2024,2,1,21,1059,1
2/8/2024,2,1,21,1002,1
1/15/2024,2,1,21,1019,1
1/4/2024,2,1,21,1045,1
12/14/2024,2,1,21,1014,1
7/28/2024,2,1,21,1024,1
6/9/2024,2,1,21,1093,1
1/16/2024,2,1,21,1077,1
4/17/2024,2,1,21,1070,1
11/6/2024,2,1,21,1016,1
8/14/2024,2,1,21,1083,1
6/18/2024,2,1,21,1099,1
2/3/2024,2,1,21,1008,1
9/7/2024,2,1,21,1037,1
9/3/2024,2,1,21,1047,1
11/14/2024,2,2,22,1012,1
8/1/2024,2,2,22,1030,1
4/26/2024,2,2,22,1070,1
12/9/2024,2,2,22,1062,1
3/12/2024,2,2,22,1055,1
3/4/2024,2,2,22,1041,1
7/23/2024,2,2,22,1060,1
7/27/2024,2,2,22,1041,1
3/12/2024,2,2,22,1055,1
10/3/2024,2,2,22,1035,1
9/30/2024,2,2,22,1083,1
11/15/2024,2,2,22,1067,1
12/3/2024,2,2,22,1006,1
12/31/2024,2,2,22,1053,1
4/4/2024,2,2,22,1000,1
6/14/2024,2,2,22,1043,1
2/1/2024,2,2,22,1044,1
1/11/2024,2,2,22,1046,1
10/27/2024,2,2,22,1012,1
8/4/2024,2,2,22,1021,1
10/15/2024,2,2,22,1020,1
4/11/2024,2,2,22,1085,1
9/23/2024,2,2,22,1091,1
8/1/2024,2,2,22,1008,1
6/27/2024,2,2,22,1025,1
3/28/2024,2,2,22,1008,1
2/10/2024,2,2,22,1014,1
3/16/2024,2,2,22,1009,1
2/15/2024,2,2,22,1087,1
6/8/2024,2,2,22,1041,1
3/20/2024,2,2,22,1071,1
11/5/2024,2,2,22,1023,1
3/26/2024,2,2,22,1079,1
4/1/2024,2,2,22,1048,1
5/27/2024,2,2,22,1025,1
6/9/2024,2,2,22,1090,1
7/20/2024,2,2,22,1036,1
8/29/2024,2,2,22,1067,1
12/18/2024,2,2,22,1049,1
1/2/2024,2,2,22,1023,1
8/12/2024,2,2,22,1018,1
10/15/2024,2,2,22,1099,1
8/20/2024,2,2,22,1059,1
3/17/2024,2,2,22,1038,1
4/25/2024,2,2,22,1073,1
6/2/2024,2,2,22,1088,1
4/12/2024,2,2,22,1017,1
7/12/2024,2,2,22,1018,1
6/14/2024,2,2,22,1035,1
12/24/2024,2,2,22,1073,1
3/30/2024,2,2,22,1096,1
6/22/2024,2,2,22,1054,1
5/1/2024,2,2,22,1068,1
5/22/2024,2,2,22,1046,1
4/15/2024,2,2,22,1048,1
10/31/2024,2,2,22,1098,1
12/25/2024,2,2,22,1097,1
11/12/2024,2,2,22,1032,1
5/2/2024,2,2,22,1020,1
1/9/2024,2,2,22,1080,1
9/18/2024,2,2,22,1021,1
3/13/2024,2,2,22,1047,1
12/24/2024,2,2,22,1036,1
8/10/2024,2,2,22,1014,1
2/10/2024,2,2,22,1034,1
7/22/2024,2,2,22,1091,1
9/20/2024,2,2,22,1070,1
11/23/2024,2,2,22,1031,1
6/26/2024,2,2,22,1010,1
12/13/2024,2,2,22,1009,1
11/13/2024,2,2,22,1072,1
3/24/2024,2,2,22,1077,1
11/13/2024,2,2,22,1076,1
4/20/2024,2,2,22,1056,1
9/7/2024,2,2,22,1024,1
1/7/2024,2,2,22,1001,1
3/24/2024,2,2,22,1063,1
7/26/2024,2,2,22,1034,1
11/9/2024,2,2,22,1006,1
1/22/2024,2,2,22,1084,1
1/3/2024,2,2,22,1017,1
5/6/2024,2,2,22,1066,1
10/23/2024,2,2,22,1041,1
7/6/2024,2,2,22,1038,1
12/27/2024,2,2,22,1040,1
1/14/2024,2,2,22,1074,1
1/12/2024,2,2,22,1023,1
3/27/2024,2,2,22,1059,1
1/12/2024,2,2,22,1045,1
1/25/2024,2,2,22,1018,1
10/27/2024,2,2,22,1067,1
8/30/2024,2,2,22,1089,1
5/1/2024,2,2,22,1041,1
5/26/2024,2,2,22,1031,1
2/24/2024,2,2,22,1038,1
8/25/2024,2,2,22,1035,1
12/21/2024,2,2,22,1096,1
6/21/2024,2,2,22,1035,1
8/8/2024,2,2,22,1002,1
4/28/2024,2,2,22,1072,1
11/4/2024,2,2,22,1007,1
7/1/2024,2,2,22,1096,1
10/14/2024,2,2,22,1069,1
11/2/2024,2,2,22,1040,1
10/26/2024,2,2,22,1067,1
3/22/2024,2,2,22,1012,1
7/29/2024,2,2,22,1048,1
5/29/2024,2,2,22,1059,1
2/6/2024,2,2,22,1001,1
12/17/2024,2,2,22,1059,1
11/7/2024,2,2,22,1004,1
12/26/2024,2,2,22,1043,1
2/28/2024,2,2,22,1026,1
5/10/2024,2,2,22,1031,1
7/20/2024,2,2,22,1020,1
8/30/2024,2,2,22,1007,1
2/4/2024,2,2,22,1071,1
4/2/2024,2,2,22,1049,1
7/25/2024,2,2,22,1066,1
12/18/2024,2,2,22,1043,1
11/27/2024,2,2,22,1057,1
10/31/2024,2,2,22,1002,1
12/15/2024,2,2,22,1085,1
7/31/2024,2,2,22,1069,1
6/7/2024,2,2,22,1001,1
1/24/2024,2,2,22,1086,1
10/19/2024,2,2,22,1043,1
1/4/2024,2,2,22,1001,1
8/7/2024,2,2,22,1080,1
12/29/2024,2,2,22,1034,1
1/20/2024,2,2,22,1097,1
5/31/2024,2,2,22,1086,1
2/19/2024,2,2,22,1029,1
6/25/2024,2,2,22,1007,1
4/5/2024,2,2,22,1021,1
4/14/2024,2,2,22,1043,1
9/6/2024,2,2,22,1057,1
4/26/2024,2,2,22,1035,1
12/19/2024,2,2,22,1068,1
8/15/2024,2,2,22,1076,1
3/6/2024,2,2,22,1092,1
11/30/2024,2,2,22,1030,1
9/18/2024,2,2,22,1046,1
10/21/2024,2,2,22,1054,1
8/30/2024,2,2,22,1079,1
7/4/2024,2,2,22,1061,1
9/2/2024,2,2,22,1029,1
5/4/2024,2,2,22,1054,1
9/24/2024,2,2,22,1015,1
5/10/2024,2,2,22,1011,1
8/24/2024,2,2,22,1016,1
1/18/2024,2,2,22,1015,1
2/9/2024,2,2,22,1011,1
1/21/2024,2,2,22,1007,1
8/12/2024,2,2,22,1083,1
12/20/2024,2,2,22,1002,1
10/8/2024,2,2,22,1015,1
1/8/2024,2,2,22,1029,1
4/9/2024,2,2,22,1022,1
8/27/2024,2,2,22,1091,1
3/27/2024,2,2,22,1004,1
10/24/2024,2,2,22,1083,1
1/14/2024,2,2,22,1064,1
11/29/2024,2,2,22,1029,1
1/2/2024,2,2,22,1020,1
10/19/2024,2,2,22,1083,1
11/20/2024,2,2,22,1069,1
2/10/2024,2,2,22,1021,1
11/13/2024,2,2,22,1081,1
11/11/2024,2,2,22,1071,1
4/20/2024,2,2,22,1031,1
1/14/2024,2,2,22,1032,1
8/18/2024,2,2,22,1015,1
3/24/2024,2,2,22,1075,1
5/9/2024,2,2,22,1037,1
8/18/2024,2,2,22,1097,1
11/21/2024,2,2,22,1013,1
5/24/2024,2,2,22,1035,1
12/10/2024,2,2,22,1096,1
1/28/2024,2,2,22,1022,1
3/6/2024,2,2,22,1065,1
6/11/2024,2,2,22,1084,1
8/16/2024,2,2,22,1001,1
9/17/2024,2,2,22,1090,1
6/12/2024,2,2,22,1072,1
10/27/2024,2,2,22,1064,1
10/29/2024,2,2,22,1074,1
10/13/2024,2,2,22,1066,1
1/10/2024,2,2,22,1051,1
7/13/2024,2,2,22,1061,1
4/27/2024,2,2,22,1022,1
9/26/2024,2,2,22,1025,1
3/20/2024,2,2,22,1067,1
4/2/2024,2,2,22,1081,1
9/22/2024,2,2,22,1054,1
11/27/2024,2,2,22,1005,1
12/15/2024,2,2,22,1034,1
12/26/2024,2,2,22,1021,1
9/13/2024,2,2,22,1042,1
5/12/2024,2,2,22,1014,1
10/2/2024,2,2,22,1085,1
9/20/2024,2,2,22,1059,1
6/19/2024,2,2,22,1011,1
1/1/2024,2,2,22,1048,1
11/8/2024,2,2,22,1041,1
3/4/2024,2,2,22,1037,1
10/10/2024,2,2,22,1081,1
4/30/2024,2,2,22,1044,1
4/16/2024,2,2,22,1034,1
6/23/2024,2,2,22,1029,1
7/22/2024,2,2,22,1087,1
6/13/2024,2,2,22,1029,1
10/31/2024,2,2,22,1077,1
4/29/2024,2,2,22,1005,1
2/13/2024,2,2,22,1066,1
11/7/2024,2,2,22,1079,1
6/4/2024,2,2,22,1006,1
7/25/2024,2,2,22,1051,1
4/17/2024,2,2,22,1013,1
9/7/2024,2,2,22,1072,1
11/29/2024,2,2,22,1014,1
5/9/2024,2,2,22,1020,1
10/19/2024,2,2,22,1034,1
1/20/2024,2,2,22,1065,1
10/8/2024,2,2,22,1090,1
10/11/2024,2,2,22,1001,1
1/1/2024,2,2,22,1034,1
4/28/2024,2,2,22,1081,1
2/4/2024,2,2,22,1077,1
7/16/2024,2,2,22,1019,1
9/1/2024,2,2,22,1081,1
2/28/2024,2,2,22,1009,1
11/20/2024,2,2,22,1024,1
6/9/2024,2,2,22,1065,1
6/27/2024,2,2,22,1024,1
7/24/2024,2,2,22,1053,1
1/12/2024,2,2,22,1032,1
10/2/2024,2,2,22,1035,1
6/29/2024,2,2,22,1094,1
8/29/2024,2,2,22,1013,1
8/3/2024,2,2,22,1064,1
9/7/2024,2,2,22,1079,1
10/25/2024,2,2,22,1053,1
5/5/2024,2,2,22,1051,1
8/4/2024,2,2,22,1002,1
11/1/2024,2,2,22,1098,1
10/11/2024,2,2,22,1040,1
7/3/2024,2,2,22,1005,1
2/8/2024,2,2,22,1024,1
8/10/2024,2,2,22,1012,1
7/2/2024,2,2,22,1097,1
6/26/2024,2,2,22,1007,1
10/20/2024,2,2,22,1020,1
12/5/2024,2,2,22,1097,1
5/30/2024,2,2,22,1067,1
5/5/2024,2,2,22,1024,1
10/27/2024,2,2,22,1078,1
11/3/2024,2,2,22,1067,1
12/1/2024,2,2,22,1044,1
8/21/2024,2,2,22,1059,1
1/8/2024,2,2,22,1011,1
12/6/2024,2,2,22,1031,1
5/8/2024,2,2,22,1095,1
9/20/2024,2,2,22,1091,1
6/5/2024,2,2,22,1012,1
12/17/2024,2,2,22,1030,1
12/23/2024,2,2,22,1077,1
1/5/2024,2,2,22,1019,1
3/26/2024,2,2,22,1017,1
6/23/2024,2,2,22,1092,1
10/16/2024,2,2,22,1059,1
7/11/2024,2,2,22,1062,1
11/6/2024,2,2,22,1005,1
4/28/2024,2,2,22,1031,1
8/5/2024,2,2,22,1092,1
4/23/2024,2,2,22,1042,1
5/24/2024,2,2,22,1001,1
1/26/2024,2,2,22,1059,1
5/15/2024,2,2,22,1022,1
10/29/2024,2,2,22,1082,1
8/19/2024,2,2,22,1030,1
3/16/2024,2,2,22,1004,1
11/23/2024,2,2,22,1082,1
12/10/2024,2,2,22,1033,1
10/28/2024,2,2,22,1009,1
10/15/2024,2,2,22,1088,1
1/1/2024,2,2,22,1001,1
5/26/2024,2,2,22,1010,1
10/13/2024,2,2,22,1049,1
5/21/2024,2,2,22,1030,1
2/22/2024,2,2,22,1055,1
10/30/2024,2,2,22,1078,1
3/9/2024,2,2,22,1072,1
12/26/2024,2,2,22,1086,1
3/30/2024,2,2,22,1082,1
8/7/2024,2,2,22,1008,1
7/10/2024,2,2,22,1098,1
3/3/2024,2,2,22,1020,1
3/13/2024,2,2,22,1072,1
6/9/2024,2,2,22,1027,1
6/17/2024,2,2,22,1061,1
3/29/2024,2,2,22,1006,1
6/24/2024,2,2,22,1079,1
9/25/2024,2,2,22,1015,1
3/13/2024,2,2,22,1096,1
9/1/2024,2,2,22,1003,1
3/17/2024,2,2,22,1003,1
6/7/2024,2,2,22,1039,1
11/19/2024,2,2,22,1016,1
4/7/2024,2,2,22,1051,1
4/11/2024,2,2,22,1092,1
5/11/2024,2,2,22,1051,1
4/11/2024,2,2,22,1035,1
1/19/2024,2,2,22,1037,1
3/22/2024,2,2,22,1049,1
10/5/2024,2,2,22,1062,1
12/4/2024,2,2,22,1062,1
12/30/2024,2,2,22,1061,1
11/26/2024,2,2,22,1098,1
5/8/2024,2,2,22,1006,1
12/9/2024,2,2,22,1026,1
11/5/2024,2,2,22,1091,1
3/29/2024,2,2,22,1085,1
7/31/2024,2,2,22,1013,1
5/22/2024,2,2,22,1070,1
3/5/2024,2,2,22,1085,1
3/16/2024,2,2,22,1004,1
7/17/2024,2,2,22,1054,1
5/22/2024,2,2,22,1001,1
11/11/2024,2,2,22,1061,1
4/2/2024,2,2,22,1090,1
10/31/2024,2,2,22,1020,1
8/11/2024,2,2,22,1078,1
10/17/2024,2,2,22,1020,1
4/11/2024,2,2,22,1009,1
9/23/2024,2,2,22,1086,1
12/20/2024,2,2,22,1057,1
4/19/2024,2,2,22,1038,1
11/25/2024,2,2,22,1004,1
9/21/2024,2,2,22,1064,1
1/3/2024,2,2,22,1012,1
3/25/2024,2,2,22,1084,1
10/8/2024,2,2,22,1089,1
11/23/2024,2,2,22,1084,1
10/30/2024,2,2,22,1052,1
4/26/2024,2,2,22,1081,1
8/8/2024,2,2,22,1044,1
6/2/2024,2,2,22,1031,1
6/1/2024,2,2,22,1035,1
1/12/2024,2,2,22,1080,1
5/12/2024,2,2,22,1098,1
10/30/2024,2,2,22,1059,1
10/19/2024,2,2,22,1010,1
10/26/2024,2,2,22,1062,1
8/15/2024,2,2,22,1020,1
9/27/2024,2,2,22,1051,1
2/12/2024,2,2,22,1054,1
12/8/2024,2,2,22,1025,1
11/21/2024,2,2,22,1067,1
10/28/2024,2,2,22,1033,1
12/29/2024,2,2,22,1051,1
1/21/2024,2,2,22,1081,1
4/16/2024,2,2,22,1098,1
12/1/2024,2,2,22,1092,1
10/29/2024,2,2,22,1051,1
4/26/2024,2,2,22,1028,1
5/3/2024,2,2,22,1037,1
10/7/2024,2,2,22,1041,1
10/18/2024,2,2,22,1020,1
7/21/2024,2,2,22,1041,1
2/20/2024,2,2,22,1012,1
9/27/2024,2,2,22,1063,1
11/19/2024,2,2,22,1016,1
10/3/2024,2,2,22,1008,1
5/20/2024,2,2,22,1040,1
10/1/2024,2,2,22,1000,1
10/16/2024,2,2,22,1001,1
11/29/2024,2,2,22,1059,1
2/21/2024,2,2,22,1047,1
1/27/2024,2,2,22,1028,1
6/5/2024,2,2,22,1096,1
8/26/2024,2,2,22,1009,1
6/4/2024,2,2,22,1057,1
10/17/2024,2,2,22,1059,1
5/15/2024,2,2,22,1020,1
5/23/2024,2,2,22,1027,1
4/15/2024,2,2,22,1074,1
6/6/2024,2,2,22,1033,1
5/25/2024,2,2,22,1007,1
1/2/2024,2,2,22,1058,1
3/17/2024,2,2,22,1085,1
5/11/2024,2,2,22,1071,1
3/30/2024,2,2,22,1048,1
12/10/2024,2,2,22,1078,1
12/15/2024,2,2,22,1016,1
9/19/2024,2,2,22,1059,1
12/16/2024,2,2,22,1086,1
4/17/2024,2,2,22,1087,1
3/14/2024,2,2,22,1044,1
2/8/2024,2,2,22,1082,1
3/9/2024,3,1,31,1059,1
3/27/2024,3,1,31,1056,1
4/10/2024,3,1,31,1030,1
1/8/2024,3,1,31,1083,1
11/28/2024,3,1,31,1023,1
7/18/2024,3,1,31,1088,1
3/27/2024,3,1,31,1035,1
2/12/2024,3,1,31,1084,1
4/18/2024,3,1,31,1029,1
5/31/2024,3,1,31,1023,1
1/17/2024,3,1,31,1029,1
5/12/2024,3,1,31,1085,1
5/27/2024,3,1,31,1091,1
10/3/2024,3,1,31,1006,1
8/19/2024,3,1,31,1034,1
11/9/2024,3,1,31,1054,1
12/31/2024,3,1,31,1091,1
8/15/2024,3,1,31,1013,1
5/18/2024,3,1,31,1009,1
7/29/2024,3,1,31,1079,1
1/28/2024,3,1,31,1015,1
2/20/2024,3,1,31,1053,1
9/17/2024,3,1,31,1094,1
9/17/2024,3,1,31,1088,1
12/15/2024,3,1,31,1076,1
12/17/2024,3,1,31,1069,1
1/8/2024,3,1,31,1043,1
11/15/2024,3,1,31,1072,1
5/17/2024,3,1,31,1044,1
2/7/2024,3,1,31,1099,1
4/20/2024,3,1,31,1055,1
8/7/2024,3,1,31,1083,1
12/2/2024,3,1,31,1081,1
8/10/2024,3,1,31,1056,1
5/15/2024,3,1,31,1020,1
9/12/2024,3,1,31,1067,1
12/25/2024,3,1,31,1049,1
11/24/2024,3,1,31,1032,1
2/18/2024,3,1,31,1090,1
10/18/2024,3,1,31,1006,1
11/19/2024,3,1,31,1069,1
3/18/2024,3,1,31,1014,1
4/14/2024,3,1,31,1081,1
6/17/2024,3,1,31,1031,1
8/4/2024,3,1,31,1074,1
4/28/2024,3,1,31,1019,1
7/8/2024,3,1,31,1087,1
9/11/2024,3,1,31,1014,1
9/22/2024,3,1,31,1047,1
5/28/2024,3,1,31,1070,1
6/12/2024,3,1,31,1020,1
5/19/2024,3,1,31,1041,1
12/12/2024,3,1,31,1025,1
9/14/2024,3,1,31,1013,1
9/25/2024,3,1,31,1056,1
6/29/2024,3,1,31,1036,1
6/8/2024,3,1,31,1057,1
12/16/2024,3,1,31,1020,1
10/14/2024,3,1,31,1081,1
10/14/2024,3,1,31,1068,1
8/13/2024,3,1,31,1002,1
1/11/2024,3,1,31,1086,1
1/10/2024,3,1,31,1089,1
9/27/2024,3,1,31,1036,1
9/29/2024,3,1,31,1087,1
7/1/2024,3,1,31,1048,1
6/1/2024,3,1,31,1018,1
11/10/2024,3,1,31,1088,1
11/29/2024,3,1,31,1084,1
5/3/2024,3,1,31,1011,1
4/23/2024,3,1,31,1060,1
10/4/2024,3,1,31,1040,1
7/31/2024,3,1,31,1032,1
6/20/2024,3,1,31,1049,1
10/14/2024,3,1,31,1067,1
6/22/2024,3,1,31,1070,1
4/22/2024,3,1,31,1085,1
5/1/2024,3,1,31,1032,1
2/1/2024,3,1,31,1080,1
8/9/2024,3,1,31,1023,1
4/28/2024,3,1,31,1060,1
2/8/2024,3,1,31,1060,1
9/24/2024,3,1,31,1097,1
8/20/2024,3,1,31,1027,1
1/18/2024,3,1,31,1057,1
5/28/2024,3,1,31,1042,1
5/28/2024,3,1,31,1040,1
5/5/2024,3,1,31,1038,1
10/28/2024,3,1,31,1085,1
12/25/2024,3,1,31,1048,1
8/25/2024,3,1,31,1016,1
5/14/2024,3,1,31,1097,1
5/30/2024,3,1,31,1069,1
8/23/2024,3,1,31,1069,1
8/11/2024,3,1,31,1097,1
7/21/2024,3,1,31,1064,1
9/12/2024,3,1,31,1073,1
3/26/2024,3,1,31,1084,1
5/29/2024,3,1,31,1004,1
8/22/2024,3,1,31,1001,1
12/10/2024,3,1,31,1021,1
1/22/2024,3,1,31,1056,1
12/13/2024,3,1,31,1065,1
10/11/2024,3,1,31,1073,1
9/25/2024,3,1,31,1097,1
9/14/2024,3,1,31,1015,1
1/29/2024,3,1,31,1050,1
7/31/2024,3,1,31,1038,1
10/9/2024,3,1,31,1085,1
2/19/2024,3,1,31,1075,1
4/4/2024,3,1,31,1087,1
3/28/2024,3,1,31,1039,1
2/13/2024,3,1,31,1037,1
10/4/2024,3,1,31,1059,1
6/19/2024,3,1,31,1058,1
7/7/2024,3,1,31,1009,1
12/18/2024,3,1,31,1098,1
7/2/2024,3,1,31,1063,1
1/3/2024,3,1,31,1062,1
7/9/2024,3,1,31,1048,1
4/27/2024,3,1,31,1063,1
1/19/2024,3,1,31,1031,1
1/23/2024,3,1,31,1006,1
1/30/2024,3,1,31,1020,1
10/21/2024,3,1,31,1019,1
4/17/2024,3,1,31,1025,1
10/7/2024,3,1,31,1067,1
5/7/2024,3,1,31,1085,1
8/16/2024,3,1,31,1014,1
4/20/2024,3,1,31,1084,1
5/15/2024,3,1,31,1078,1
12/27/2024,3,1,31,1085,1
7/4/2024,3,1,31,1091,1
5/23/2024,3,1,31,1013,1
3/12/2024,3,1,31,1026,1
5/8/2024,3,1,31,1039,1
12/29/2024,3,1,31,1057,1
9/17/2024,3,1,31,1027,1
1/3/2024,3,1,31,1025,1
4/13/2024,3,1,31,1062,1
8/11/2024,3,1,31,1065,1
11/15/2024,3,1,31,1024,1
12/27/2024,3,1,31,1002,1
12/19/2024,3,1,31,1071,1
1/10/2024,3,1,31,1043,1
10/28/2024,3,1,31,1096,1
8/18/2024,3,1,31,1041,1
8/6/2024,3,1,31,1098,1
3/6/2024,3,1,31,1005,1
4/21/2024,3,1,31,1038,1
1/13/2024,3,1,31,1051,1
3/26/2024,3,1,31,1022,1
8/21/2024,3,1,31,1088,1
3/30/2024,3,1,31,1049,1
11/9/2024,3,1,31,1042,1
2/23/2024,3,1,31,1018,1
1/12/2024,3,1,31,1068,1
7/27/2024,3,1,31,1050,1
1/14/2024,3,1,31,1010,1
4/30/2024,3,1,31,1011,1
1/20/2024,3,1,31,1073,1
3/15/2024,3,1,31,1007,1
8/30/2024,3,1,31,1023,1
8/10/2024,3,1,31,1091,1
3/10/2024,3,1,31,1040,1
11/7/2024,3,1,31,1035,1
7/29/2024,3,1,31,1084,1
4/10/2024,3,1,31,1071,1
7/4/2024,3,1,31,1054,1
5/11/2024,3,1,31,1008,1
4/20/2024,3,1,31,1046,1
5/11/2024,3,1,31,1014,1
1/20/2024,3,1,31,1047,1
1/24/2024,3,1,31,1081,1
8/14/2024,3,1,31,1041,1
6/2/2024,3,1,31,1059,1
10/19/2024,3,1,31,1083,1
8/17/2024,3,1,31,1069,1
11/5/2024,3,1,31,1011,1
12/24/2024,3,1,31,1001,1
7/20/2024,3,1,31,1006,1
2/7/2024,3,1,31,1079,1
9/16/2024,3,1,31,1002,1
7/6/2024,3,1,31,1002,1
2/26/2024,3,1,31,1026,1
1/20/2024,3,1,31,1039,1
9/29/2024,3,1,31,1032,1
4/28/2024,3,1,31,1091,1
3/11/2024,3,1,31,1000,1
1/4/2024,3,1,31,1007,1
8/8/2024,3,1,31,1031,1
1/14/2024,3,1,31,1047,1
1/3/2024,3,1,31,1003,1
8/3/2024,3,1,31,1093,1
8/16/2024,3,1,31,1069,1
12/1/2024,3,1,31,1018,1
7/4/2024,3,1,31,1031,1
2/24/2024,3,1,31,1008,1
9/10/2024,3,1,31,1011,1
1/24/2024,3,1,31,1010,1
6/10/2024,3,1,31,1045,1
6/6/2024,3,1,31,1015,1
3/22/2024,3,1,31,1000,1
6/7/2024,3,1,31,1062,1
7/6/2024,3,1,31,1020,1
2/29/2024,3,1,31,1029,1
10/31/2024,3,1,31,1012,1
11/14/2024,3,1,31,1033,1
12/31/2024,3,1,31,1003,1
7/29/2024,3,1,31,1027,1
5/31/2024,3,1,31,1094,1
4/18/2024,3,1,31,1058,1
3/16/2024,3,1,31,1026,1
1/30/2024,3,1,31,1068,1
11/9/2024,3,1,31,1024,1
4/26/2024,3,1,31,1002,1
12/21/2024,3,1,31,1096,1
7/10/2024,3,1,31,1067,1
1/19/2024,3,1,31,1024,1
6/21/2024,3,1,31,1019,1
8/15/2024,3,1,31,1033,1
12/15/2024,3,1,31,1025,1
7/1/2024,3,1,31,1004,1
4/22/2024,3,1,31,1098,1
7/1/2024,3,1,31,1060,1
5/25/2024,3,1,31,1091,1
11/14/2024,3,1,31,1092,1
4/25/2024,3,1,31,1008,1
4/22/2024,3,1,31,1049,1
9/7/2024,3,1,31,1005,1
9/7/2024,3,1,31,1082,1
10/29/2024,3,1,31,1059,1
11/8/2024,3,1,31,1043,1
4/27/2024,3,1,31,1010,1
10/27/2024,3,1,31,1065,1
6/9/2024,3,1,31,1046,1
7/16/2024,3,1,31,1072,1
9/16/2024,3,1,31,1084,1
5/27/2024,3,1,31,1087,1
8/27/2024,3,1,31,1097,1
2/16/2024,3,1,31,1085,1
7/16/2024,3,1,31,1002,1
2/16/2024,3,1,31,1075,1
3/18/2024,3,1,31,1091,1
5/3/2024,3,1,31,1029,1
3/15/2024,3,1,31,1089,1
12/24/2024,3,1,31,1020,1
5/16/2024,3,1,31,1027,1
3/30/2024,3,1,31,1089,1
11/20/2024,3,1,31,1061,1
3/1/2024,3,1,31,1032,1
5/17/2024,3,1,31,1084,1
2/19/2024,3,1,31,1034,1
9/15/2024,3,1,31,1051,1
4/16/2024,3,1,31,1033,1
4/22/2024,3,1,31,1040,1
12/15/2024,3,1,31,1050,1
9/10/2024,3,1,31,1046,1
4/27/2024,3,1,31,1081,1
7/16/2024,3,1,31,1057,1
12/2/2024,3,1,31,1074,1
12/30/2024,3,1,31,1056,1
2/20/2024,3,1,31,1022,1
9/1/2024,3,1,31,1047,1
2/4/2024,3,1,31,1021,1
10/28/2024,3,1,31,1016,1
3/9/2024,3,1,31,1068,1
12/14/2024,3,1,31,1010,1
11/15/2024,3,1,31,1093,1
2/18/2024,3,1,31,1014,1
3/14/2024,3,1,31,1090,1
7/10/2024,3,1,31,1034,1
9/17/2024,3,1,31,1032,1
12/21/2024,3,1,31,1083,1
3/10/2024,3,1,31,1015,1
3/30/2024,3,1,31,1033,1
9/16/2024,3,1,31,1065,1
5/5/2024,3,1,31,1098,1
8/18/2024,3,1,31,1039,1
10/21/2024,3,1,31,1027,1
5/8/2024,3,1,31,1046,1
10/6/2024,3,1,31,1038,1
11/8/2024,3,1,31,1069,1
4/9/2024,3,1,31,1072,1
11/21/2024,3,1,31,1019,1
10/23/2024,3,1,31,1000,1
6/30/2024,3,1,31,1071,1
6/22/2024,3,1,31,1086,1
11/11/2024,3,1,31,1062,1
12/29/2024,3,1,31,1066,1
1/4/2024,3,2,32,1053,1
10/29/2024,3,2,32,1044,1
10/20/2024,3,2,32,1046,1
5/22/2024,3,2,32,1011,1
7/9/2024,3,2,32,1020,1
1/21/2024,3,2,32,1010,1
8/14/2024,3,2,32,1091,1
11/8/2024,3,2,32,1004,1
4/26/2024,3,2,32,1080,1
10/28/2024,3,2,32,1055,1
5/21/2024,3,2,32,1019,1
2/8/2024,3,2,32,1040,1
12/20/2024,3,2,32,1045,1
9/8/2024,3,2,32,1011,1
11/28/2024,3,2,32,1069,1
7/25/2024,3,2,32,1016,1
7/28/2024,3,2,32,1018,1
4/24/2024,3,2,32,1025,1
8/12/2024,3,2,32,1047,1
5/13/2024,3,2,32,1051,1
9/7/2024,3,2,32,1095,1
8/6/2024,3,2,32,1069,1
3/31/2024,3,2,32,1054,1
12/19/2024,3,2,32,1099,1
2/15/2024,3,2,32,1074,1
2/7/2024,3,2,32,1032,1
5/21/2024,3,2,32,1061,1
4/9/2024,3,2,32,1087,1
11/23/2024,3,2,32,1022,1
7/8/2024,3,2,32,1014,1
2/4/2024,3,2,32,1026,1
5/26/2024,3,2,32,1074,1
1/30/2024,3,2,32,1063,1
11/29/2024,3,2,32,1080,1
3/24/2024,3,2,32,1050,1
10/7/2024,3,2,32,1052,1
12/9/2024,3,2,32,1077,1
9/26/2024,3,2,32,1090,1
6/2/2024,3,2,32,1081,1
4/11/2024,3,2,32,1091,1
8/2/2024,3,2,32,1050,1
5/29/2024,3,2,32,1046,1
3/23/2024,3,2,32,1003,1
4/19/2024,3,2,32,1006,1
10/1/2024,3,2,32,1034,1
7/19/2024,3,2,32,1047,1
10/10/2024,3,2,32,1072,1
6/21/2024,3,2,32,1071,1
11/22/2024,3,2,32,1044,1
7/24/2024,3,2,32,1080,1
3/3/2024,3,2,32,1080,1
3/13/2024,3,2,32,1096,1
9/7/2024,3,2,32,1095,1
5/3/2024,3,2,32,1071,1
4/30/2024,3,2,32,1018,1
10/1/2024,3,2,32,1062,1
4/29/2024,3,2,32,1037,1
11/12/2024,3,2,32,1066,1
6/12/2024,3,2,32,1058,1
10/12/2024,3,2,32,1068,1
9/21/2024,3,2,32,1012,1
11/15/2024,3,2,32,1046,1
6/9/2024,3,2,32,1060,1
11/3/2024,3,2,32,1030,1
3/29/2024,3,2,32,1079,1
5/21/2024,3,2,32,1095,1
7/21/2024,3,2,32,1021,1
11/4/2024,3,2,32,1092,1
8/14/2024,3,2,32,1085,1
11/29/2024,3,2,32,1042,1
8/9/2024,3,2,32,1066,1
2/10/2024,3,2,32,1053,1
7/14/2024,3,2,32,1009,1
3/8/2024,3,2,32,1041,1
9/20/2024,3,2,32,1063,1
1/2/2024,3,2,32,1020,1
12/26/2024,3,2,32,1079,1
5/4/2024,3,2,32,1075,1
4/19/2024,3,2,32,1065,1
3/26/2024,3,2,32,1040,1
4/29/2024,3,2,32,1023,1
5/6/2024,3,2,32,1034,1
9/11/2024,3,2,32,1055,1
7/1/2024,3,2,32,1029,1
1/16/2024,3,2,32,1056,1
3/2/2024,3,2,32,1093,1
6/6/2024,3,2,32,1046,1
9/24/2024,3,2,32,1034,1
2/4/2024,3,2,32,1018,1
9/23/2024,3,2,32,1007,1
3/4/2024,3,2,32,1025,1
2/19/2024,3,2,32,1070,1
9/11/2024,3,2,32,1029,1
5/28/2024,3,2,32,1006,1
11/20/2024,3,2,32,1066,1
10/30/2024,3,2,32,1064,1
10/2/2024,3,2,32,1035,1
12/22/2024,3,2,32,1024,1
6/20/2024,3,2,32,1036,1
7/19/2024,3,2,32,1000,1
11/19/2024,3,2,32,1014,1
2/4/2024,3,2,32,1036,1
8/3/2024,3,2,32,1012,1
3/5/2024,3,2,32,1007,1
1/8/2024,3,2,32,1004,1
10/27/2024,3,2,32,1059,1
12/8/2024,3,2,32,1072,1
11/27/2024,3,2,32,1000,1
3/16/2024,3,2,32,1035,1
6/22/2024,3,2,32,1034,1
2/16/2024,3,2,32,1065,1
1/15/2024,3,2,32,1062,1
12/26/2024,3,2,32,1022,1
5/26/2024,3,2,32,1008,1
1/26/2024,3,2,32,1033,1
11/3/2024,3,2,32,1045,1
4/2/2024,3,2,32,1077,1
8/19/2024,3,2,32,1003,1
1/21/2024,3,2,32,1029,1
11/2/2024,3,2,32,1094,1
2/7/2024,3,2,32,1074,1
10/2/2024,3,2,32,1098,1
6/5/2024,3,2,32,1071,1
6/27/2024,3,2,32,1002,1
5/11/2024,3,2,32,1013,1
11/6/2024,3,2,32,1059,1
12/13/2024,3,2,32,1076,1
1/28/2024,3,2,32,1044,1
9/16/2024,3,2,32,1095,1
3/16/2024,3,2,32,1033,1
3/7/2024,3,2,32,1044,1
12/7/2024,3,2,32,1060,1
7/12/2024,3,2,32,1082,1
6/10/2024,3,2,32,1015,1
12/12/2024,3,2,32,1065,1
12/26/2024,3,2,32,1039,1
9/13/2024,3,2,32,1016,1
3/12/2024,3,2,32,1033,1
3/27/2024,3,2,32,1015,1
9/18/2024,3,2,32,1059,1
8/1/2024,3,2,32,1065,1
6/1/2024,3,2,32,1065,1
7/28/2024,3,2,32,1089,1
3/1/2024,3,2,32,1012,1
9/24/2024,3,2,32,1055,1
9/18/2024,3,2,32,1030,1
8/5/2024,3,2,32,1033,1
10/9/2024,3,2,32,1038,1
5/15/2024,3,2,32,1066,1
12/27/2024,3,2,32,1007,1
4/2/2024,3,2,32,1086,1
4/18/2024,3,2,32,1077,1
8/28/2024,3,2,32,1054,1
12/20/2024,3,2,32,1026,1
5/21/2024,3,2,32,1092,1
10/17/2024,3,2,32,1052,1
8/24/2024,3,2,32,1038,1
12/5/2024,3,2,32,1064,1
11/7/2024,3,2,32,1016,1
6/25/2024,3,2,32,1029,1
5/20/2024,3,2,32,1052,1
7/7/2024,3,2,32,1012,1
2/18/2024,3,2,32,1020,1
10/28/2024,3,2,32,1018,1
7/8/2024,3,2,32,1052,1
5/15/2024,3,2,32,1018,1
2/12/2024,3,2,32,1056,1
12/18/2024,3,2,32,1024,1
3/30/2024,3,2,32,1085,1
10/21/2024,3,2,32,1030,1
12/6/2024,3,2,32,1080,1
9/1/2024,3,2,32,1054,1
7/10/2024,3,2,32,1022,1
11/13/2024,3,2,32,1031,1
4/15/2024,3,2,32,1061,1
12/28/2024,3,2,32,1073,1
11/5/2024,3,2,32,1009,1
8/20/2024,3,2,32,1099,1
9/21/2024,3,2,32,1071,1
12/9/2024,3,2,32,1053,1
2/6/2024,3,2,32,1051,1
10/31/2024,3,2,32,1019,1
2/10/2024,3,2,32,1031,1
1/17/2024,3,2,32,1013,1
12/9/2024,3,2,32,1049,1
10/3/2024,3,2,32,1027,1
11/2/2024,3,2,32,1052,1
2/28/2024,3,2,32,1023,1
7/1/2024,3,2,32,1078,1
2/10/2024,3,2,32,1021,1
2/8/2024,3,2,32,1029,1
7/10/2024,3,2,32,1062,1
9/23/2024,3,2,32,1003,1
5/26/2024,3,2,32,1076,1
11/28/2024,3,2,32,1058,1
5/6/2024,3,2,32,1086,1
2/15/2024,3,2,32,1007,1
2/14/2024,3,2,32,1081,1
1/1/2024,3,2,32,1011,1
6/16/2024,3,2,32,1030,1
4/17/2024,3,2,32,1077,1
1/19/2024,3,2,32,1033,1
11/27/2024,3,2,32,1081,1
3/12/2024,3,2,32,1097,1
4/18/2024,3,2,32,1074,1
9/24/2024,3,2,32,1075,1
8/27/2024,3,2,32,1048,1
10/27/2024,3,2,32,1078,1
3/30/2024,3,2,32,1056,1
4/12/2024,3,2,32,1094,1
9/6/2024,3,2,32,1092,1
1/8/2024,3,2,32,1025,1
6/1/2024,3,2,32,1017,1
12/12/2024,3,2,32,1095,1
6/22/2024,3,2,32,1085,1
12/8/2024,3,2,32,1037,1
6/6/2024,3,2,32,1080,1
8/2/2024,3,2,32,1086,1
6/25/2024,3,2,32,1087,1
6/23/2024,3,2,32,1049,1
12/5/2024,3,2,32,1007,1
12/3/2024,3,2,32,1040,1
5/25/2024,3,2,32,1005,1
11/19/2024,3,2,32,1068,1
6/9/2024,3,2,32,1043,1
5/6/2024,3,2,32,1063,1
3/22/2024,3,2,32,1028,1
5/26/2024,3,2,32,1027,1
8/26/2024,3,2,32,1010,1
3/24/2024,3,2,32,1064,1
4/22/2024,3,2,32,1018,1
8/12/2024,3,2,32,1008,1
11/27/2024,3,2,32,1026,1
8/30/2024,3,2,32,1033,1
5/22/2024,3,2,32,1043,1
2/10/2024,3,2,32,1067,1
9/14/2024,3,2,32,1099,1
10/11/2024,3,2,32,1081,1
4/14/2024,3,2,32,1014,1
7/20/2024,3,2,32,1050,1
11/2/2024,3,2,32,1012,1
11/26/2024,3,2,32,1082,1
9/22/2024,3,2,32,1048,1
7/28/2024,3,2,32,1069,1
2/20/2024,3,2,32,1055,1
4/27/2024,3,2,32,1075,1
7/19/2024,3,2,32,1050,1
2/8/2024,3,2,32,1036,1
1/28/2024,3,2,32,1016,1
9/15/2024,3,2,32,1057,1
3/24/2024,3,2,32,1086,1
6/3/2024,3,2,32,1089,1
4/26/2024,3,2,32,1028,1
1/2/2024,3,2,32,1032,1
4/2/2024,3,2,32,1059,1
6/14/2024,3,2,32,1090,1
12/15/2024,3,2,32,1088,1
10/22/2024,3,2,32,1054,1
9/14/2024,3,2,32,1009,1
3/21/2024,3,2,32,1046,1
9/24/2024,3,2,32,1022,1
8/22/2024,3,2,32,1084,1
11/16/2024,3,2,32,1020,1
11/6/2024,3,2,32,1012,1
10/27/2024,3,2,32,1032,1
12/22/2024,3,2,32,1023,1
7/31/2024,3,2,32,1010,1
3/2/2024,3,2,32,1016,1
2/18/2024,3,2,32,1067,1
5/6/2024,3,2,32,1046,1
8/10/2024,3,2,32,1024,1
10/5/2024,3,2,32,1093,1
10/20/2024,3,2,32,1072,1
10/10/2024,3,2,32,1020,1
10/3/2024,3,2,32,1083,1
4/16/2024,3,2,32,1082,1
5/25/2024,3,2,32,1082,1
4/8/2024,3,2,32,1011,1
3/13/2024,3,2,32,1036,1
5/1/2024,3,2,32,1041,1
1/30/2024,3,2,32,1016,1
7/6/2024,3,2,32,1047,1
12/29/2024,3,2,32,1027,1
12/19/2024,3,2,32,1040,1
10/14/2024,3,2,32,1098,1
7/13/2024,3,2,32,1046,1
6/4/2024,3,2,32,1017,1
6/20/2024,3,2,32,1077,1
11/30/2024,3,2,32,1098,1
2/10/2024,3,2,32,1070,1
3/3/2024,3,2,32,1012,1
1/23/2024,3,2,32,1081,1
12/25/2024,3,2,32,1012,1
3/15/2024,3,2,32,1099,1
2/17/2024,3,2,32,1030,1
6/8/2024,3,2,32,1001,1
11/8/2024,3,2,32,1015,1
4/27/2024,3,2,32,1008,1
4/9/2024,3,2,32,1072,1
6/15/2024,3,2,32,1037,1
10/16/2024,3,2,32,1074,1
6/4/2024,3,2,32,1053,1
1/7/2024,3,2,32,1055,1
7/14/2024,3,2,32,1085,1
2/25/2024,3,2,32,1096,1
11/16/2024,3,2,32,1099,1
7/11/2024,3,2,32,1086,1
2/16/2024,3,2,32,1044,1
5/27/2024,3,2,32,1033,1
10/1/2024,3,2,32,1008,1
6/5/2024,3,2,32,1087,1
7/20/2024,3,2,32,1007,1
5/5/2024,3,2,32,1006,1
10/31/2024,3,2,32,1035,1
10/20/2024,3,2,32,1017,1
3/4/2024,3,2,32,1002,1
11/20/2024,3,2,32,1027,1
6/24/2024,3,2,32,1069,1
4/25/2024,3,2,32,1043,1
7/22/2024,3,2,32,1020,1
11/16/2024,3,2,32,1027,1
1/31/2024,3,2,32,1053,1
4/22/2024,3,2,32,1053,1
12/30/2024,3,2,32,1064,1
11/20/2024,3,2,32,1099,1
12/9/2024,3,2,32,1020,1
3/7/2024,3,2,32,1098,1
3/15/2024,3,2,32,1012,1
2/14/2024,3,2,32,1056,1
9/16/2024,3,2,32,1048,1
6/2/2024,3,2,32,1053,1
6/3/2024,3,2,32,1009,1
12/28/2024,3,2,32,1052,1
8/21/2024,3,2,32,1043,1
2/20/2024,3,2,32,1046,1
11/1/2024,3,2,32,1052,1
9/18/2024,3,2,32,1073,1
11/10/2024,3,2,32,1045,1
5/4/2024,3,2,32,1012,1
9/1/2024,3,2,32,1036,1
1/30/2024,3,2,32,1023,1
5/1/2024,3,2,32,1001,1
5/4/2024,3,2,32,1085,1
2/6/2024,3,2,32,1080,1
6/18/2024,3,2,32,1099,1
5/3/2024,3,2,32,1013,1
12/22/2024,3,2,32,1009,1
2/4/2024,3,2,32,1034,1
3/27/2024,3,2,32,1024,1
5/13/2024,3,2,32,1002,1
7/14/2024,3,2,32,1016,1
9/30/2024,3,2,32,1011,1
7/19/2024,3,2,32,1053,1
10/11/2024,3,2,32,1023,1
3/17/2024,3,2,32,1028,1
2/28/2024,3,2,32,1042,1
5/5/2024,3,2,32,1024,1
4/18/2024,3,2,32,1099,1
8/11/2024,3,2,32,1059,1
10/4/2024,3,2,32,1089,1
3/8/2024,3,2,32,1064,1
3/9/2024,3,2,32,1083,1
6/13/2024,3,2,32,1027,1
10/31/2024,3,2,32,1015,1
6/10/2024,3,2,32,1046,1
12/30/2024,3,2,32,1080,1
12/7/2024,3,2,32,1091,1
11/4/2024,3,2,32,1057,1
12/8/2024,3,2,32,1075,1
2/11/2024,3,2,32,1026,1
12/19/2024,3,2,32,1052,1
4/18/2024,3,2,32,1041,1
2/20/2024,3,2,32,1058,1
9/6/2024,3,2,32,1046,1
12/6/2024,3,2,32,1093,1
1/21/2024,3,2,32,1033,1
10/26/2024,3,2,32,1036,1
5/18/2024,3,2,32,1005,1
12/24/2024,3,2,32,1006,1
11/19/2024,3,2,32,1095,1
4/1/2024,3,2,32,1095,1
10/6/2024,3,2,32,1024,1
5/4/2024,3,2,32,1032,1
4/20/2024,3,2,32,1054,1
12/19/2024,3,2,32,1057,1
5/18/2024,3,2,32,1006,1
9/29/2024,3,2,32,1056,1
4/8/2024,3,2,32,1011,1
9/8/2024,3,2,32,1015,1
12/3/2024,3,2,32,1079,1
4/13/2024,3,2,32,1042,1
8/1/2024,3,2,32,1099,1
9/5/2024,3,2,32,1076,1
5/31/2024,3,2,32,1006,1
9/6/2024,3,2,32,1099,1
10/1/2024,3,2,32,1050,1
6/13/2024,3,2,32,1072,1
12/6/2024,3,2,32,1031,1
1/8/2024,3,2,32,1074,1
10/10/2024,3,2,32,1007,1
1/5/2024,3,2,32,1096,1
5/24/2024,3,2,32,1086,1
4/10/2024,3,2,32,1088,1
6/12/2024,3,2,32,1071,1
5/26/2024,3,2,32,1044,1
3/4/2024,3,2,32,1085,1
3/31/2024,3,2,32,1058,1
4/26/2024,3,2,32,1003,1
12/19/2024,3,2,32,1066,1
9/23/2024,3,2,32,1028,1
6/5/2024,3,3,33,1064,1
4/7/2024,3,3,33,1062,1
8/13/2024,3,3,33,1088,1
7/23/2024,3,3,33,1050,1
3/19/2024,3,3,33,1035,1
5/3/2024,3,3,33,1080,1
8/5/2024,3,3,33,1087,1
1/4/2024,3,3,33,1065,1
3/30/2024,3,3,33,1014,1
4/13/2024,3,3,33,1095,1
4/28/2024,3,3,33,1038,1
5/12/2024,3,3,33,1069,1
11/7/2024,3,3,33,1000,1
4/5/2024,3,3,33,1022,1
11/26/2024,3,3,33,1038,1
5/22/2024,3,3,33,1056,1
10/14/2024,3,3,33,1080,1
1/28/2024,3,3,33,1033,1
10/4/2024,3,3,33,1040,1
8/20/2024,3,3,33,1092,1
1/17/2024,3,3,33,1072,1
2/28/2024,3,3,33,1012,1
3/30/2024,3,3,33,1069,1
7/17/2024,3,3,33,1005,1
12/27/2024,3,3,33,1083,1
1/26/2024,3,3,33,1051,1
1/25/2024,3,3,33,1002,1
10/27/2024,3,3,33,1080,1
12/4/2024,3,3,33,1062,1
9/23/2024,3,3,33,1048,1
6/29/2024,3,3,33,1075,1
12/25/2024,3,3,33,1046,1
3/8/2024,3,3,33,1054,1
12/16/2024,3,3,33,1063,1
11/16/2024,3,3,33,1064,1
2/18/2024,3,3,33,1080,1
6/23/2024,3,3,33,1066,1
2/21/2024,3,3,33,1089,1
4/11/2024,3,3,33,1014,1
8/3/2024,3,3,33,1099,1
7/6/2024,3,3,33,1031,1
2/26/2024,3,3,33,1095,1
2/16/2024,3,3,33,1067,1
6/7/2024,3,3,33,1017,1
6/22/2024,3,3,33,1082,1
8/29/2024,3,3,33,1042,1
10/8/2024,3,3,33,1034,1
8/28/2024,3,3,33,1077,1
1/5/2024,3,3,33,1057,1
3/24/2024,3,3,33,1032,1
11/3/2024,3,3,33,1013,1
12/26/2024,3,3,33,1033,1
9/4/2024,3,3,33,1060,1
2/23/2024,3,3,33,1003,1
6/9/2024,3,3,33,1087,1
8/13/2024,3,3,33,1058,1
1/15/2024,3,3,33,1028,1
8/11/2024,3,3,33,1082,1
3/1/2024,3,3,33,1005,1
5/1/2024,3,3,33,1096,1
10/3/2024,3,3,33,1048,1
2/15/2024,3,3,33,1039,1
10/20/2024,3,3,33,1082,1
3/2/2024,3,3,33,1064,1
3/26/2024,3,3,33,1068,1
7/28/2024,3,3,33,1026,1
3/18/2024,3,3,33,1079,1
7/20/2024,3,3,33,1005,1
10/28/2024,3,3,33,1012,1
8/10/2024,3,3,33,1063,1
8/9/2024,3,3,33,1061,1
1/3/2024,3,3,33,1098,1
1/6/2024,3,3,33,1018,1
4/2/2024,3,3,33,1075,1
1/8/2024,3,3,33,1079,1
8/22/2024,3,3,33,1042,1
4/17/2024,3,3,33,1073,1
6/9/2024,3,3,33,1088,1
7/27/2024,3,3,33,1019,1
8/27/2024,3,3,33,1094,1
11/26/2024,3,3,33,1067,1
11/28/2024,3,3,33,1043,1
2/19/2024,3,3,33,1022,1
1/11/2024,3,3,33,1001,1
12/16/2024,3,3,33,1021,1
6/4/2024,3,3,33,1056,1
3/10/2024,3,3,33,1071,1
6/17/2024,3,3,33,1006,1
9/28/2024,3,3,33,1077,1
3/8/2024,3,3,33,1055,1
12/20/2024,3,3,33,1066,1
9/8/2024,3,3,33,1015,1
2/17/2024,3,3,33,1082,1
7/2/2024,3,3,33,1050,1
11/15/2024,3,3,33,1081,1
7/5/2024,3,3,33,1079,1
3/30/2024,3,3,33,1071,1
11/27/2024,3,3,33,1096,1
5/18/2024,3,3,33,1011,1
12/22/2024,3,3,33,1052,1
3/29/2024,3,3,33,1074,1
9/30/2024,3,3,33,1004,1
1/19/2024,3,3,33,1026,1
11/6/2024,3,3,33,1011,1
12/23/2024,3,3,33,1016,1
6/2/2024,3,3,33,1005,1
9/16/2024,3,3,33,1096,1
4/17/2024,3,3,33,1004,1
10/11/2024,3,3,33,1056,1
2/28/2024,3,3,33,1027,1
5/4/2024,3,3,33,1077,1
12/19/2024,3,3,33,1068,1
9/29/2024,3,3,33,1058,1
4/16/2024,3,3,33,1032,1
10/25/2024,3,3,33,1061,1
9/1/2024,3,3,33,1049,1
12/1/2024,3,3,33,1018,1
9/3/2024,3,3,33,1085,1
1/8/2024,3,3,33,1068,1
5/20/2024,3,3,33,1065,1
12/27/2024,3,3,33,1093,1
1/8/2024,3,3,33,1046,1
12/17/2024,3,3,33,1038,1
4/3/2024,3,3,33,1067,1
11/16/2024,3,3,33,1032,1
2/8/2024,3,3,33,1012,1
3/21/2024,3,3,33,1083,1
7/5/2024,3,3,33,1053,1
3/24/2024,3,3,33,1006,1
3/28/2024,3,3,33,1078,1
8/29/2024,3,3,33,1086,1
12/7/2024,3,3,33,1013,1
4/2/2024,3,3,33,1086,1
3/26/2024,3,3,33,1018,1
2/13/2024,3,3,33,1053,1
5/16/2024,3,3,33,1092,1
3/14/2024,3,3,33,1019,1
2/5/2024,3,3,33,1028,1
4/10/2024,3,3,33,1023,1
6/4/2024,3,3,33,1081,1
9/11/2024,3,3,33,1062,1
6/19/2024,3,3,33,1073,1
8/3/2024,3,3,33,1056,1
6/18/2024,3,3,33,1007,1
9/8/2024,3,3,33,1089,1
12/25/2024,3,3,33,1061,1
11/17/2024,3,3,33,1028,1
2/24/2024,3,3,33,1073,1
3/31/2024,3,3,33,1016,1
10/4/2024,3,3,33,1065,1
4/10/2024,3,3,33,1005,1
6/3/2024,3,3,33,1057,1
12/14/2024,3,3,33,1068,1
12/29/2024,3,3,33,1027,1
5/20/2024,3,3,33,1061,1
6/21/2024,3,3,33,1040,1
1/10/2024,3,3,33,1068,1
8/15/2024,3,3,33,1081,1
9/21/2024,3,3,33,1089,1
9/4/2024,3,3,33,1083,1
9/3/2024,3,3,33,1040,1
6/3/2024,3,3,33,1048,1
2/3/2024,3,3,33,1090,1
5/8/2024,3,3,33,1048,1
6/8/2024,3,3,33,1075,1
3/29/2024,3,3,33,1070,1
4/2/2024,3,3,33,1002,1
11/22/2024,3,3,33,1009,1
8/28/2024,3,3,33,1097,1
11/18/2024,3,3,33,1088,1
4/26/2024,3,3,33,1034,1
4/3/2024,3,3,33,1079,1
6/11/2024,3,3,33,1001,1
4/8/2024,3,3,33,1023,1
4/22/2024,3,3,33,1073,1
12/24/2024,3,3,33,1037,1
3/31/2024,3,3,33,1021,1
12/11/2024,3,3,33,1025,1
7/24/2024,3,3,33,1042,1
1/17/2024,3,3,33,1054,1
9/30/2024,3,3,33,1038,1
6/21/2024,3,3,33,1090,1
4/25/2024,3,3,33,1028,1
12/14/2024,3,3,33,1019,1
6/29/2024,3,3,33,1090,1
3/31/2024,3,3,33,1040,1
3/22/2024,3,3,33,1053,1
11/19/2024,3,3,33,1019,1
4/23/2024,3,3,33,1018,1
9/13/2024,3,3,33,1083,1
2/27/2024,3,3,33,1098,1
6/2/2024,3,3,33,1065,1
12/30/2024,3,3,33,1029,1
4/25/2024,3,3,33,1052,1
12/8/2024,3,3,33,1033,1
9/22/2024,3,3,33,1021,1
11/10/2024,3,3,33,1066,1
7/21/2024,3,3,33,1005,1
2/10/2024,3,3,33,1078,1
4/14/2024,3,3,33,1026,1
7/11/2024,3,3,33,1009,1
10/4/2024,3,3,33,1072,1
12/19/2024,3,3,33,1096,1
8/24/2024,3,3,33,1095,1
8/8/2024,3,3,33,1047,1
3/8/2024,3,3,33,1069,1
7/15/2024,3,3,33,1058,1
9/12/2024,3,3,33,1099,1
5/18/2024,3,3,33,1058,1
11/7/2024,3,3,33,1001,1
5/28/2024,3,3,33,1028,1
4/8/2024,3,3,33,1067,1
3/16/2024,3,3,33,1064,1
10/8/2024,3,3,33,1082,1
4/18/2024,3,3,33,1025,1
7/6/2024,3,3,33,1088,1
7/17/2024,3,3,33,1009,1
10/29/2024,3,3,33,1052,1
11/22/2024,3,3,33,1078,1
6/2/2024,3,3,33,1058,1
2/9/2024,3,3,33,1021,1
5/12/2024,3,3,33,1050,1
5/11/2024,3,3,33,1047,1
10/5/2024,3,3,33,1020,1
12/27/2024,3,3,33,1021,1
3/24/2024,3,3,33,1099,1
8/29/2024,3,3,33,1097,1
4/25/2024,3,3,33,1029,1
4/18/2024,3,3,33,1024,1
8/8/2024,3,3,33,1027,1
2/10/2024,3,3,33,1064,1
5/26/2024,3,3,33,1044,1
4/21/2024,3,3,33,1067,1
4/12/2024,3,3,33,1006,1
2/15/2024,3,3,33,1048,1
11/19/2024,3,3,33,1008,1
9/27/2024,3,3,33,1035,1
7/13/2024,3,3,33,1082,1
10/6/2024,3,3,33,1000,1
10/9/2024,3,3,33,1009,1
2/9/2024,3,3,33,1035,1
7/7/2024,3,3,33,1072,1
6/12/2024,3,3,33,1045,1
1/24/2024,3,3,33,1031,1
1/24/2024,3,3,33,1031,1
1/4/2024,3,3,33,1005,1
11/18/2024,3,3,33,1047,1
10/16/2024,3,3,33,1037,1
6/29/2024,3,3,33,1016,1
9/4/2024,3,3,33,1073,1
4/25/2024,3,3,33,1026,1
10/5/2024,3,3,33,1053,1
12/30/2024,3,3,33,1049,1
3/9/2024,3,3,33,1034,1
12/16/2024,3,3,33,1084,1
9/10/2024,3,3,33,1024,1
6/29/2024,3,3,33,1027,1
11/13/2024,3,3,33,1014,1
6/17/2024,3,3,33,1003,1
11/8/2024,3,3,33,1092,1
9/5/2024,3,3,33,1072,1
7/6/2024,3,3,33,1026,1
2/23/2024,3,3,33,1025,1
11/21/2024,3,3,33,1018,1
12/22/2024,3,3,33,1091,1
11/8/2024,3,3,33,1016,1
5/17/2024,3,3,33,1042,1
6/16/2024,3,3,33,1040,1
4/12/2024,3,3,33,1041,1
3/25/2024,3,3,33,1049,1
11/12/2024,3,3,33,1083,1
7/30/2024,3,3,33,1039,1
1/3/2024,3,3,33,1038,1
6/27/2024,3,3,33,1022,1
12/7/2024,3,3,33,1095,1
10/29/2024,3,3,33,1051,1
11/27/2024,3,3,33,1046,1
2/7/2024,3,3,33,1062,1
8/26/2024,3,3,33,1096,1
6/17/2024,3,3,33,1068,1
12/8/2024,3,3,33,1042,1
11/9/2024,3,3,33,1047,1
11/1/2024,3,3,33,1033,1
1/30/2024,3,3,33,1039,1
7/8/2024,3,3,33,1074,1
12/22/2024,3,3,33,1060,1
1/25/2024,3,3,33,1049,1
4/21/2024,3,3,33,1066,1
7/24/2024,3,3,33,1061,1
7/3/2024,3,3,33,1057,1
2/16/2024,3,3,33,1032,1
8/15/2024,3,3,33,1074,1
2/8/2024,3,3,33,1015,1
1/16/2024,3,3,33,1081,1
1/22/2024,3,3,33,1093,1
7/31/2024,3,3,33,1047,1
11/5/2024,3,3,33,1009,1
5/28/2024,3,3,33,1081,1
8/28/2024,3,3,33,1037,1
9/28/2024,3,3,33,1018,1
2/28/2024,3,3,33,1035,1
10/13/2024,3,3,33,1058,1
7/20/2024,3,3,33,1062,1
2/1/2024,3,3,33,1076,1
6/10/2024,3,3,33,1045,1
9/11/2024,3,3,33,1002,1
9/10/2024,3,3,33,1073,1
1/9/2024,3,3,33,1064,1
5/18/2024,3,3,33,1090,1
1/10/2024,3,3,33,1007,1
8/1/2024,3,3,33,1050,1
9/29/2024,3,3,33,1080,1
11/19/2024,3,3,33,1072,1
2/17/2024,3,3,33,1005,1
4/20/2024,3,3,33,1088,1
6/1/2024,3,3,33,1038,1
5/2/2024,3,3,33,1059,1
12/22/2024,3,3,33,1027,1
4/11/2024,3,3,33,1096,1
8/28/2024,3,3,33,1053,1
2/6/2024,3,4,34,1052,1
5/16/2024,3,4,34,1086,1
12/3/2024,3,4,34,1087,1
2/25/2024,3,4,34,1072,1
7/5/2024,3,4,34,1034,1
12/6/2024,3,4,34,1050,1
9/14/2024,3,4,34,1083,1
2/27/2024,3,4,34,1036,1
12/28/2024,3,4,34,1080,1
5/2/2024,3,4,34,1094,1
7/6/2024,3,4,34,1056,1
8/17/2024,3,4,34,1007,1
6/16/2024,3,4,34,1078,1
4/23/2024,3,4,34,1094,1
9/8/2024,3,4,34,1093,1
4/16/2024,3,4,34,1019,1
2/6/2024,3,4,34,1052,1
11/30/2024,3,4,34,1011,1
4/1/2024,3,4,34,1048,1
1/18/2024,3,4,34,1016,1
12/19/2024,3,4,34,1063,1
3/3/2024,3,4,34,1041,1
5/29/2024,3,4,34,1093,1
5/18/2024,3,4,34,1028,1
7/4/2024,3,4,34,1018,1
7/3/2024,3,4,34,1010,1
7/23/2024,3,4,34,1097,1
9/16/2024,3,4,34,1049,1
8/1/2024,3,4,34,1070,1
9/12/2024,3,4,34,1057,1
5/14/2024,3,4,34,1033,1
3/1/2024,3,4,34,1019,1
12/28/2024,3,4,34,1049,1
11/5/2024,3,4,34,1087,1
3/28/2024,3,4,34,1009,1
11/19/2024,3,4,34,1031,1
7/25/2024,3,4,34,1051,1
5/8/2024,3,4,34,1014,1
11/6/2024,3,4,34,1083,1
1/3/2024,3,4,34,1002,1
8/29/2024,3,4,34,1036,1
4/30/2024,3,4,34,1039,1
4/11/2024,3,4,34,1071,1
2/7/2024,3,4,34,1039,1
12/6/2024,3,4,34,1055,1
5/12/2024,3,4,34,1022,1
7/20/2024,3,4,34,1010,1
12/13/2024,3,4,34,1063,1
1/21/2024,3,4,34,1007,1
8/29/2024,3,4,34,1092,1
4/18/2024,3,4,34,1093,1
10/29/2024,3,4,34,1055,1
3/24/2024,3,4,34,1059,1
3/23/2024,3,4,34,1009,1
10/17/2024,3,4,34,1038,1
3/9/2024,3,4,34,1027,1
5/8/2024,3,4,34,1048,1
7/14/2024,3,4,34,1035,1
5/19/2024,3,4,34,1012,1
10/9/2024,3,4,34,1095,1
11/7/2024,3,4,34,1035,1
8/21/2024,3,4,34,1025,1
1/23/2024,3,4,34,1085,1
6/1/2024,3,4,34,1003,1
10/3/2024,3,4,34,1094,1
3/1/2024,3,4,34,1081,1
11/14/2024,3,4,34,1063,1
2/21/2024,3,4,34,1037,1
12/9/2024,3,4,34,1087,1
6/1/2024,3,4,34,1086,1
8/24/2024,3,4,34,1021,1
11/6/2024,3,4,34,1001,1
10/28/2024,3,4,34,1030,1
2/1/2024,3,4,34,1010,1
2/24/2024,3,4,34,1091,1
12/17/2024,3,4,34,1045,1
2/5/2024,3,4,34,1095,1
4/19/2024,3,4,34,1061,1
6/25/2024,3,4,34,1068,1
12/27/2024,3,4,34,1063,1
11/9/2024,3,4,34,1009,1
10/21/2024,3,4,34,1039,1
12/1/2024,3,4,34,1023,1
4/6/2024,3,4,34,1098,1
7/31/2024,3,4,34,1043,1
11/12/2024,3,4,34,1059,1
5/16/2024,3,4,34,1061,1
1/6/2024,3,4,34,1086,1
4/18/2024,3,4,34,1016,1
2/4/2024,3,4,34,1064,1
2/8/2024,3,4,34,1094,1
5/29/2024,3,4,34,1094,1
4/27/2024,3,4,34,1056,1
9/17/2024,3,4,34,1054,1
3/27/2024,3,4,34,1052,1
3/16/2024,3,4,34,1055,1
11/8/2024,3,4,34,1097,1
8/1/2024,3,4,34,1008,1
10/11/2024,3,4,34,1021,1
8/26/2024,3,4,34,1012,1
6/13/2024,3,4,34,1088,1
3/27/2024,3,4,34,1047,1
5/20/2024,3,4,34,1017,1
6/8/2024,3,4,34,1075,1
2/15/2024,3,4,34,1039,1
4/21/2024,3,4,34,1016,1
2/14/2024,3,4,34,1014,1
9/3/2024,3,4,34,1014,1
4/13/2024,3,4,34,1078,1
3/25/2024,3,4,34,1062,1
5/13/2024,3,4,34,1038,1
4/17/2024,3,4,34,1012,1
1/18/2024,3,4,34,1080,1
4/3/2024,3,4,34,1031,1
5/29/2024,3,4,34,1008,1
9/2/2024,3,4,34,1039,1
10/15/2024,3,4,34,1019,1
7/27/2024,3,4,34,1089,1
5/5/2024,3,4,34,1090,1
8/22/2024,3,4,34,1084,1
5/1/2024,3,4,34,1081,1
5/17/2024,3,4,34,1076,1
4/24/2024,3,4,34,1079,1
6/10/2024,3,4,34,1072,1
7/19/2024,3,4,34,1062,1
8/21/2024,3,4,34,1075,1
1/28/2024,3,4,34,1043,1
1/11/2024,3,4,34,1037,1
7/24/2024,3,4,34,1082,1
6/15/2024,3,4,34,1059,1
9/3/2024,3,4,34,1070,1
2/16/2024,3,4,34,1098,1
9/2/2024,3,4,34,1047,1
5/6/2024,3,4,34,1017,1
5/26/2024,3,4,34,1015,1
4/27/2024,3,4,34,1054,1
5/31/2024,3,4,34,1038,1
3/12/2024,3,4,34,1067,1
12/28/2024,3,4,34,1058,1
5/16/2024,3,4,34,1088,1
6/23/2024,3,4,34,1095,1
10/15/2024,3,4,34,1061,1
1/19/2024,3,4,34,1012,1
7/13/2024,3,4,34,1080,1
11/25/2024,3,4,34,1005,1
6/23/2024,3,4,34,1082,1
12/19/2024,3,4,34,1076,1
5/20/2024,3,4,34,1059,1
9/2/2024,3,4,34,1089,1
4/2/2024,3,4,34,1013,1
8/26/2024,3,4,34,1094,1
7/23/2024,3,4,34,1053,1
2/17/2024,3,4,34,1003,1
9/1/2024,3,4,34,1038,1
11/15/2024,3,4,34,1071,1
11/12/2024,3,4,34,1024,1
10/21/2024,3,4,34,1076,1
5/7/2024,3,4,34,1031,1
12/9/2024,3,4,34,1058,1
10/8/2024,3,4,34,1062,1
1/17/2024,3,4,34,1037,1
3/11/2024,3,4,34,1091,1
9/25/2024,3,4,34,1052,1
11/20/2024,3,4,34,1093,1
10/8/2024,3,4,34,1066,1
10/31/2024,3,4,34,1027,1
1/7/2024,3,4,34,1002,1
11/9/2024,3,4,34,1097,1
10/31/2024,3,4,34,1079,1
4/12/2024,3,4,34,1021,1
11/4/2024,3,4,34,1095,1
7/11/2024,3,4,34,1037,1
8/28/2024,3,4,34,1071,1
3/2/2024,3,4,34,1071,1
1/17/2024,3,4,34,1061,1
6/19/2024,3,4,34,1056,1
1/25/2024,3,4,34,1005,1
9/7/2024,3,4,34,1077,1
9/9/2024,3,4,34,1031,1
7/25/2024,3,4,34,1098,1
1/29/2024,3,4,34,1009,1
4/26/2024,3,4,34,1002,1
10/8/2024,3,4,34,1058,1
5/23/2024,3,4,34,1075,1
1/25/2024,3,4,34,1048,1
11/5/2024,3,4,34,1058,1
6/4/2024,3,4,34,1030,1
3/13/2024,3,4,34,1092,1
4/29/2024,3,4,34,1068,1
11/7/2024,3,4,34,1061,1
11/16/2024,3,4,34,1051,1
4/2/2024,3,4,34,1088,1
3/26/2024,3,4,34,1040,1
12/1/2024,3,4,34,1030,1
12/29/2024,3,4,34,1084,1
4/27/2024,3,4,34,1083,1
8/20/2024,3,4,34,1021,1
7/17/2024,3,4,34,1003,1
7/24/2024,3,4,34,1012,1
12/4/2024,3,4,34,1044,1
5/26/2024,3,4,34,1041,1
9/27/2024,3,4,34,1048,1
5/18/2024,3,4,34,1019,1
6/29/2024,3,4,34,1076,1
1/30/2024,3,4,34,1080,1
2/26/2024,3,4,34,1053,1
8/19/2024,3,4,34,1035,1
5/25/2024,3,4,34,1096,1
2/17/2024,3,4,34,1000,1
7/12/2024,3,4,34,1014,1
8/11/2024,3,4,34,1076,1
5/15/2024,3,4,34,1016,1
1/22/2024,3,4,34,1023,1
1/6/2024,3,4,34,1057,1
7/22/2024,3,4,34,1071,1
8/26/2024,3,4,34,1090,1
7/3/2024,3,4,34,1022,1
12/25/2024,3,4,34,1045,1
10/18/2024,3,4,34,1071,1
11/30/2024,3,4,34,1007,1
8/7/2024,3,4,34,1058,1
4/25/2024,3,4,34,1089,1
11/8/2024,3,4,34,1058,1
2/18/2024,3,4,34,1012,1
6/21/2024,3,4,34,1038,1
3/22/2024,3,4,34,1027,1
11/17/2024,3,4,34,1088,1
11/28/2024,3,4,34,1060,1
2/14/2024,3,4,34,1015,1
11/30/2024,3,4,34,1001,1
1/20/2024,3,4,34,1081,1
8/8/2024,3,4,34,1016,1
5/2/2024,3,4,34,1029,1
8/21/2024,3,4,34,1012,1
8/8/2024,3,4,34,1095,1
11/18/2024,3,4,34,1092,1
12/4/2024,3,4,34,1093,1
1/3/2024,3,4,34,1081,1
6/30/2024,3,4,34,1012,1
7/24/2024,3,4,34,1042,1
11/15/2024,3,4,34,1084,1
2/9/2024,3,4,34,1093,1
2/28/2024,3,4,34,1020,1
3/2/2024,3,4,34,1054,1
5/11/2024,3,4,34,1080,1
2/29/2024,3,4,34,1039,1
11/26/2024,3,4,34,1082,1
5/1/2024,3,4,34,1014,1
4/16/2024,3,4,34,1072,1
4/5/2024,3,4,34,1051,1
12/12/2024,3,4,34,1073,1
8/22/2024,3,4,34,1094,1
3/2/2024,3,4,34,1052,1
9/12/2024,3,4,34,1086,1
2/18/2024,3,4,34,1051,1
12/13/2024,3,4,34,1029,1
6/7/2024,3,4,34,1032,1
5/3/2024,3,4,34,1056,1
11/12/2024,3,4,34,1051,1
7/25/2024,3,4,34,1008,1
2/17/2024,3,4,34,1053,1
5/15/2024,3,4,34,1000,1
7/19/2024,3,4,34,1043,1
9/6/2024,3,4,34,1098,1
11/9/2024,3,4,34,1074,1
12/22/2024,3,4,34,1097,1
11/13/2024,3,4,34,1079,1
10/21/2024,3,4,34,1008,1
11/9/2024,3,4,34,1031,1
7/27/2024,3,4,34,1014,1
12/20/2024,3,4,34,1011,1
7/29/2024,3,4,34,1096,1
7/10/2024,3,4,34,1077,1
2/13/2024,3,4,34,1056,1
1/29/2024,3,4,34,1007,1
2/28/2024,3,4,34,1071,1
3/11/2024,3,4,34,1026,1
4/1/2024,3,4,34,1061,1
9/21/2024,3,4,34,1011,1
8/7/2024,3,4,34,1064,1
8/2/2024,3,4,34,1041,1
10/3/2024,3,4,34,1061,1
3/4/2024,3,4,34,1010,1
12/11/2024,3,4,34,1042,1
10/18/2024,3,4,34,1094,1
9/1/2024,3,4,34,1016,1
3/2/2024,3,4,34,1096,1
11/27/2024,3,4,34,1031,1
6/18/2024,3,4,34,1092,1
9/25/2024,3,4,34,1084,1
9/23/2024,3,4,34,1084,1
2/23/2024,3,4,34,1039,1
1/16/2024,3,4,34,1022,1
1/8/2024,3,4,34,1055,1
4/13/2024,3,4,34,1005,1
2/28/2024,3,4,34,1085,1
11/8/2024,3,4,34,1049,1
2/9/2024,3,4,34,1036,1
8/24/2024,3,4,34,1063,1
4/3/2024,3,4,34,1053,1
8/9/2024,3,4,34,1071,1
7/22/2024,3,4,34,1048,1
5/17/2024,3,4,34,1098,1
10/26/2024,3,4,34,1010,1
7/25/2024,3,4,34,1087,1
12/1/2024,3,4,34,1048,1
3/21/2024,3,4,34,1020,1
8/5/2024,3,4,34,1065,1
1/2/2024,3,4,34,1062,1
6/26/2024,3,4,34,1082,1
12/11/2024,3,4,34,1027,1
10/5/2024,3,4,34,1016,1
5/25/2024,3,4,34,1005,1
11/13/2024,3,4,34,1018,1
8/11/2024,3,4,34,1055,1
3/2/2024,3,4,34,1027,1
10/20/2024,3,4,34,1065,1
8/26/2024,3,4,34,1037,1
7/13/2024,3,4,34,1036,1
6/14/2024,3,4,34,1067,1
8/9/2024,3,4,34,1085,1
3/1/2024,3,4,34,1089,1
5/8/2024,3,4,34,1048,1
6/21/2024,3,4,34,1042,1
6/4/2024,3,4,34,1035,1
4/19/2024,3,4,34,1057,1
9/25/2024,3,4,34,1012,1
12/21/2024,3,4,34,1051,1
10/4/2024,3,4,34,1057,1
3/14/2024,3,4,34,1031,1
7/25/2024,3,4,34,1080,1
10/5/2024,3,4,34,1099,1
11/21/2024,3,4,34,1059,1
12/5/2024,3,4,34,1082,1
12/22/2024,3,4,34,1057,1
12/5/2024,3,4,34,1098,1
7/22/2024,3,4,34,1055,1
6/9/2024,3,4,34,1027,1
1/28/2024,3,4,34,1000,1
9/13/2024,3,4,34,1041,1
6/13/2024,3,4,34,1081,1
3/3/2024,3,4,34,1047,1
1/22/2024,3,4,34,1039,1
3/10/2024,3,4,34,1096,1
4/5/2024,3,4,34,1062,1
6/11/2024,3,4,34,1075,1
3/19/2024,3,4,34,1071,1
1/5/2024,3,4,34,1087,1
11/11/2024,3,4,34,1079,1
4/29/2024,3,4,34,1003,1
10/28/2024,3,4,34,1037,1
6/26/2024,3,4,34,1026,1
6/24/2024,3,4,34,1008,1
8/4/2024,3,4,34,1015,1
2/25/2024,3,4,34,1055,1
12/31/2024,3,4,34,1075,1
7/5/2024,3,4,34,1030,1
8/19/2024,3,4,34,1087,1
9/11/2024,3,4,34,1013,1
4/13/2024,3,4,34,1024,1
3/17/2024,3,4,34,1033,1
8/17/2024,3,4,34,1066,1
9/14/2024,3,4,34,1023,1
9/20/2024,3,4,34,1072,1
11/26/2024,3,4,34,1025,1
6/30/2024,3,4,34,1019,1
9/12/2024,3,4,34,1063,1
2/7/2024,3,4,34,1009,1
6/24/2024,3,4,34,1082,1
1/27/2024,3,4,34,1066,1
10/2/2024,3,4,34,1023,1
5/19/2024,3,4,34,1004,1
10/25/2024,3,4,34,1066,1
10/13/2024,3,4,34,1057,1
3/31/2024,3,4,34,1026,1
3/1/2024,3,4,34,1079,1
12/30/2024,3,4,34,1014,1
12/12/2024,3,4,34,1034,1
6/11/2024,3,4,34,1075,1
12/16/2024,3,4,34,1052,1
5/22/2024,3,4,34,1043,1
9/9/2024,3,4,34,1025,1
9/25/2024,3,4,34,1046,1
10/17/2024,3,4,34,1033,1
7/5/2024,3,4,34,1086,1
10/30/2024,3,4,34,1094,1
10/17/2024,3,4,34,1049,1
3/26/2024,3,4,34,1083,1
6/14/2024,3,4,34,1011,1
4/23/2024,3,4,34,1086,1
12/21/2024,3,4,34,1003,1
7/1/2024,3,4,34,1086,1
7/25/2024,3,4,34,1047,1
9/12/2024,3,4,34,1054,1
8/22/2024,3,4,34,1000,1
12/20/2024,3,4,34,1088,1
1/3/2024,3,4,34,1065,1
7/26/2024,3,4,34,1029,1
7/15/2024,3,4,34,1002,1
12/6/2024,3,4,34,1020,1
5/4/2024,3,4,34,1088,1
5/17/2024,3,4,34,1083,1
12/4/2024,3,4,34,1048,1
1/25/2024,3,4,34,1085,1
3/8/2024,3,4,34,1084,1
3/1/2024,3,4,34,1061,1
1/29/2024,3,4,34,1096,1
1/19/2024,3,4,34,1037,1
6/19/2024,3,4,34,1014,1
3/14/2024,3,4,34,1051,1
3/1/2024,3,4,34,1078,1
6/1/2024,3,4,34,1045,1
10/2/2024,3,4,34,1024,1
2/17/2024,3,4,34,1020,1
7/29/2024,3,4,34,1087,1
12/8/2024,3,4,34,1004,1
5/18/2024,3,4,34,1069,1
4/19/2024,3,4,34,1046,1
7/1/2024,3,4,34,1086,1
1/28/2024,3,4,34,1067,1
7/15/2024,3,4,34,1090,1
7/9/2024,3,4,34,1017,1
11/10/2024,3,4,34,1020,1
2/20/2024,3,4,34,1091,1
5/28/2024,3,4,34,1098,1
9/24/2024,3,4,34,1085,1
2/19/2024,3,4,34,1022,1
9/2/2024,3,4,34,1063,1
4/22/2024,3,4,34,1066,1
6/18/2024,3,4,34,1039,1
6/14/2024,3,4,34,1009,1
1/14/2024,3,4,34,1088,1
7/21/2024,3,4,34,1051,1
10/14/2024,3,4,34,1071,1
7/7/2024,3,4,34,1074,1
6/3/2024,3,4,34,1060,1
2/24/2024,3,4,34,1063,1
6/30/2024,3,4,34,1004,1
7/28/2024,3,4,34,1052,1
3/15/2024,3,4,34,1054,1
10/3/2024,3,4,34,1036,1
5/12/2024,3,4,34,1055,1
12/8/2024,3,4,34,1058,1
2/28/2024,3,4,34,1092,1
12/10/2024,3,4,34,1068,1
6/30/2024,3,4,34,1072,1
12/4/2024,3,4,34,1058,1
11/16/2024,3,4,34,1001,1
3/4/2024,3,4,34,1064,1
11/22/2024,3,4,34,1059,1
9/16/2024,3,4,34,1050,1
7/11/2024,3,4,34,1029,1
5/22/2024,3,4,34,1010,1
4/13/2024,3,4,34,1091,1
8/1/2024,3,4,34,1075,1
8/29/2024,3,4,34,1038,1
7/27/2024,3,4,34,1089,1
4/2/2024,3,4,34,1076,1
5/21/2024,3,4,34,1071,1
4/21/2024,3,4,34,1062,1
2/28/2024,3,4,34,1063,1
2/12/2024,3,4,34,1060,1
7/25/2024,3,4,34,1053,1
9/24/2024,3,4,34,1091,1
10/22/2024,3,4,34,1093,1
4/27/2024,3,4,34,1072,1
1/20/2024,3,4,34,1094,1
8/9/2024,3,4,34,1057,1
6/14/2024,3,4,34,1084,1
5/10/2024,3,4,34,1055,1
6/4/2024,3,4,34,1033,1
7/2/2024,3,4,34,1030,1
3/30/2024,3,4,34,1051,1
4/3/2024,3,4,34,1088,1
1/13/2024,3,4,34,1075,1
11/17/2024,3,4,34,1000,1
10/19/2024,3,4,34,1054,1
8/17/2024,3,4,34,1021,1
11/17/2024,3,4,34,1039,1
10/18/2024,3,4,34,1000,1
1/26/2024,3,4,34,1064,1
3/15/2024,3,4,34,1062,1
12/29/2024,3,4,34,1053,1
10/25/2024,3,4,34,1041,1
5/29/2024,3,4,34,1020,1
5/27/2024,3,4,34,1078,1
1/8/2024,3,4,34,1080,1
1/29/2024,3,4,34,1021,1
10/22/2024,3,4,34,1037,1
7/27/2024,3,4,34,1098,1
5/7/2024,3,4,34,1079,1
12/5/2024,3,4,34,1007,1
4/25/2024,3,4,34,1061,1
5/23/2024,3,4,34,1046,1
11/13/2024,3,4,34,1016,1
8/22/2024,3,4,34,1016,1
1/7/2024,3,4,34,1089,1
2/14/2024,3,4,34,1012,1
8/26/2024,3,4,34,1016,1
6/3/2024,3,4,34,1037,1
12/2/2024,4,1,41,1028,1
3/18/2024,4,1,41,1032,1
9/18/2024,4,1,41,1061,1
6/11/2024,4,1,41,1014,1
12/31/2024,4,1,41,1001,1
1/14/2024,4,1,41,1051,1
8/26/2024,4,1,41,1043,1
3/12/2024,4,1,41,1053,1
5/22/2024,4,1,41,1017,1
11/5/2024,4,1,41,1002,1
10/9/2024,4,1,41,1006,1
9/25/2024,4,1,41,1042,1
8/28/2024,4,1,41,1081,1
9/1/2024,4,1,41,1037,1
6/11/2024,4,1,41,1036,1
2/29/2024,4,1,41,1057,1
1/6/2024,4,1,41,1032,1
7/15/2024,4,1,41,1058,1
2/27/2024,4,1,41,1094,1
10/31/2024,4,1,41,1010,1
8/4/2024,4,1,41,1067,1
1/26/2024,4,1,41,1081,1
10/29/2024,4,1,41,1067,1
1/5/2024,4,1,41,1097,1
1/20/2024,4,1,41,1092,1
7/16/2024,4,1,41,1087,1
2/28/2024,4,1,41,1021,1
8/29/2024,4,1,41,1065,1
5/25/2024,4,1,41,1043,1
9/29/2024,4,1,41,1005,1
9/5/2024,4,1,41,1041,1
1/14/2024,4,1,41,1024,1
1/13/2024,4,1,41,1056,1
2/13/2024,4,1,41,1084,1
1/19/2024,4,1,41,1054,1
3/3/2024,4,1,41,1015,1
8/26/2024,4,1,41,1094,1
12/2/2024,4,1,41,1013,1
4/9/2024,4,1,41,1038,1
6/11/2024,4,1,41,1027,1
5/1/2024,4,1,41,1095,1
2/13/2024,4,1,41,1091,1
12/25/2024,4,1,41,1050,1
11/12/2024,4,1,41,1048,1
5/24/2024,4,1,41,1008,1
11/22/2024,4,1,41,1057,1
12/28/2024,4,1,41,1044,1
2/19/2024,4,1,41,1021,1
3/5/2024,4,1,41,1031,1
12/20/2024,4,1,41,1068,1
10/14/2024,4,1,41,1086,1
6/12/2024,4,1,41,1068,1
5/20/2024,4,1,41,1041,1
11/9/2024,4,1,41,1052,1
5/7/2024,4,1,41,1095,1
8/26/2024,4,1,41,1058,1
11/19/2024,4,1,41,1073,1
10/22/2024,4,1,41,1038,1
7/5/2024,4,1,41,1014,1
7/26/2024,4,1,41,1070,1
8/7/2024,4,1,41,1028,1
7/8/2024,4,1,41,1002,1
12/11/2024,4,1,41,1082,1
10/10/2024,4,1,41,1009,1
12/17/2024,4,1,41,1091,1
8/24/2024,4,1,41,1028,1
7/12/2024,4,1,41,1078,1
10/13/2024,4,1,41,1034,1
9/15/2024,4,1,41,1005,1
9/2/2024,4,1,41,1011,1
5/15/2024,4,1,41,1037,1
10/6/2024,4,1,41,1076,1
9/27/2024,4,1,41,1092,1
6/19/2024,4,1,41,1018,1
6/7/2024,4,1,41,1066,1
7/19/2024,4,1,41,1007,1
2/14/2024,4,1,41,1007,1
9/20/2024,4,1,41,1083,1
3/11/2024,4,1,41,1046,1
12/29/2024,4,1,41,1003,1
4/12/2024,4,1,41,1050,1
5/4/2024,4,1,41,1084,1
11/8/2024,4,1,41,1066,1
10/12/2024,4,1,41,1044,1
8/17/2024,4,1,41,1007,1
5/25/2024,4,1,41,1086,1
7/15/2024,4,1,41,1015,1
8/8/2024,4,1,41,1076,1
2/29/2024,4,1,41,1066,1
4/7/2024,4,1,41,1008,1
6/19/2024,4,1,41,1059,1
6/21/2024,4,1,41,1077,1
5/30/2024,4,1,41,1076,1
12/15/2024,4,1,41,1070,1
5/1/2024,4,1,41,1014,1
4/17/2024,4,1,41,1070,1
1/4/2024,4,1,41,1097,1
4/2/2024,4,1,41,1040,1
1/6/2024,4,1,41,1021,1
10/14/2024,4,1,41,1023,1
4/15/2024,4,1,41,1043,1
5/25/2024,4,1,41,1000,1
9/27/2024,4,1,41,1009,1
4/5/2024,4,1,41,1079,1
8/16/2024,4,1,41,1071,1
7/20/2024,4,1,41,1055,1
7/30/2024,4,1,41,1088,1
1/6/2024,4,1,41,1049,1
4/21/2024,4,1,41,1011,1
11/18/2024,4,1,41,1088,1
4/15/2024,4,1,41,1080,1
5/18/2024,4,1,41,1059,1
10/25/2024,4,1,41,1025,1
4/5/2024,4,1,41,1077,1
12/2/2024,4,1,41,1040,1
10/23/2024,4,1,41,1035,1
8/1/2024,4,1,41,1022,1
10/17/2024,4,1,41,1042,1
1/22/2024,4,1,41,1005,1
7/11/2024,4,1,41,1068,1
5/29/2024,4,1,41,1042,1
9/3/2024,4,1,41,1024,1
9/23/2024,4,1,41,1017,1
9/7/2024,4,1,41,1061,1
1/3/2024,4,1,41,1012,1
11/11/2024,4,1,41,1042,1
3/16/2024,4,1,41,1077,1
3/27/2024,4,1,41,1027,1
9/26/2024,4,1,41,1017,1
8/12/2024,4,1,41,1058,1
1/18/2024,4,1,41,1059,1
4/22/2024,4,1,41,1062,1
9/7/2024,4,1,41,1056,1
8/20/2024,4,1,41,1091,1
11/24/2024,4,1,41,1050,1
10/5/2024,4,1,41,1055,1
7/20/2024,4,1,41,1026,1
3/23/2024,4,1,41,1031,1
5/4/2024,4,1,41,1008,1
6/23/2024,4,1,41,1095,1
3/9/2024,4,1,41,1083,1
2/16/2024,4,1,41,1091,1
9/12/2024,4,1,41,1096,1
8/2/2024,4,1,41,1067,1
1/30/2024,4,1,41,1045,1
10/7/2024,4,1,41,1097,1
8/24/2024,4,1,41,1066,1
9/4/2024,4,1,41,1025,1
1/25/2024,4,1,41,1007,1
3/14/2024,4,1,41,1005,1
7/24/2024,4,1,41,1079,1
11/9/2024,4,1,41,1023,1
4/3/2024,4,1,41,1047,1
5/6/2024,4,1,41,1093,1
1/25/2024,4,1,41,1044,1
11/29/2024,4,1,41,1012,1
12/20/2024,4,1,41,1068,1
4/25/2024,4,1,41,1024,1
2/17/2024,4,1,41,1019,1
8/13/2024,4,1,41,1081,1
9/22/2024,4,1,41,1081,1
4/8/2024,4,1,41,1065,1
1/11/2024,4,1,41,1073,1
3/25/2024,4,1,41,1044,1
8/1/2024,4,1,41,1046,1
6/21/2024,4,1,41,1062,1
7/27/2024,4,1,41,1075,1
3/4/2024,4,1,41,1076,1
9/14/2024,4,1,41,1054,1
11/27/2024,4,1,41,1074,1
4/30/2024,4,1,41,1018,1
10/24/2024,4,1,41,1034,1
2/23/2024,4,1,41,1052,1
11/26/2024,4,1,41,1025,1
9/28/2024,4,1,41,1013,1
8/28/2024,4,1,41,1044,1
8/30/2024,4,1,41,1043,1
1/18/2024,4,1,41,1087,1
7/5/2024,4,1,41,1064,1
12/11/2024,4,1,41,1050,1
5/23/2024,4,1,41,1042,1
9/18/2024,4,1,41,1085,1
12/29/2024,4,1,41,1022,1
8/26/2024,4,1,41,1055,1
10/30/2024,4,1,41,1018,1
10/24/2024,4,1,41,1081,1
3/16/2024,4,1,41,1075,1
7/6/2024,4,1,41,1054,1
11/28/2024,4,1,41,1091,1
9/2/2024,4,1,41,1091,1
5/9/2024,4,1,41,1059,1
11/10/2024,4,1,41,1058,1
10/9/2024,4,1,41,1032,1
3/19/2024,4,1,41,1018,1
3/12/2024,4,1,41,1027,1
9/19/2024,4,1,41,1051,1
7/9/2024,4,1,41,1048,1
3/3/2024,4,1,41,1036,1
1/12/2024,4,1,41,1025,1
5/20/2024,4,1,41,1098,1
9/10/2024,4,1,41,1097,1
2/12/2024,4,1,41,1098,1
1/17/2024,4,1,41,1039,1
3/3/2024,4,1,41,1079,1
9/9/2024,4,1,41,1037,1
10/18/2024,4,1,41,1076,1
1/8/2024,4,1,41,1086,1
11/20/2024,4,1,41,1053,1
3/30/2024,4,1,41,1021,1
7/26/2024,4,1,41,1015,1
10/18/2024,4,1,41,1027,1
10/10/2024,4,1,41,1034,1
4/27/2024,4,1,41,1059,1
12/14/2024,4,1,41,1044,1
6/23/2024,4,1,41,1045,1
3/16/2024,4,1,41,1071,1
4/10/2024,4,1,41,1054,1
5/30/2024,4,1,41,1085,1
9/26/2024,4,1,41,1084,1
3/11/2024,4,1,41,1025,1
6/28/2024,4,1,41,1084,1
5/3/2024,4,1,41,1024,1
10/19/2024,4,1,41,1064,1
10/11/2024,4,1,41,1005,1
7/13/2024,4,1,41,1022,1
8/15/2024,4,1,41,1063,1
10/1/2024,4,1,41,1086,1
4/15/2024,4,1,41,1042,1
1/21/2024,4,1,41,1022,1
3/4/2024,4,1,41,1095,1
6/13/2024,4,1,41,1029,1
1/27/2024,4,1,41,1076,1
11/6/2024,4,1,41,1017,1
10/11/2024,4,1,41,1086,1
5/27/2024,4,1,41,1078,1
10/7/2024,4,1,41,1096,1
11/21/2024,4,1,41,1020,1
11/14/2024,4,1,41,1056,1
6/12/2024,4,1,41,1022,1
8/11/2024,4,1,41,1090,1
9/28/2024,4,1,41,1044,1
5/25/2024,4,1,41,1043,1
12/21/2024,4,1,41,1081,1
1/30/2024,4,1,41,1087,1
2/14/2024,4,1,41,1046,1
10/1/2024,4,1,41,1039,1
2/3/2024,4,1,41,1050,1
5/20/2024,4,1,41,1041,1
11/13/2024,4,1,41,1006,1
8/8/2024,4,1,41,1049,1
12/21/2024,4,1,41,1047,1
1/22/2024,4,1,41,1083,1
6/28/2024,4,1,41,1090,1
11/24/2024,4,1,41,1005,1
8/18/2024,4,1,41,1090,1
2/7/2024,4,1,41,1008,1
3/10/2024,4,1,41,1056,1
4/25/2024,4,1,41,1030,1
8/26/2024,4,1,41,1020,1
11/30/2024,4,1,41,1089,1
5/27/2024,4,1,41,1039,1
1/9/2024,4,1,41,1044,1
10/14/2024,4,1,41,1076,1
2/19/2024,4,1,41,1048,1
12/3/2024,4,1,41,1086,1
1/5/2024,4,1,41,1019,1
12/8/2024,4,1,41,1091,1
5/5/2024,4,1,41,1016,1
3/15/2024,4,1,41,1027,1
6/13/2024,4,1,41,1040,1
10/4/2024,4,1,41,1065,1
11/19/2024,4,1,41,1024,1
10/26/2024,4,1,41,1057,1
10/16/2024,4,1,41,1040,1
3/17/2024,4,1,41,1005,1
10/24/2024,4,1,41,1074,1
5/16/2024,4,1,41,1037,1
4/15/2024,4,1,41,1005,1
4/4/2024,4,1,41,1044,1
5/14/2024,4,1,41,1074,1
3/8/2024,4,1,41,1013,1
5/26/2024,4,1,41,1065,1
6/7/2024,4,1,41,1039,1
6/11/2024,4,1,41,1002,1
12/6/2024,4,1,41,1098,1
7/7/2024,4,1,41,1096,1
12/4/2024,4,1,41,1023,1
4/4/2024,4,1,41,1018,1
6/29/2024,4,1,41,1017,1
10/14/2024,4,1,41,1063,1
11/17/2024,4,1,41,1087,1
7/5/2024,4,1,41,1034,1
5/17/2024,4,1,41,1061,1
5/9/2024,4,1,41,1000,1
7/12/2024,4,1,41,1099,1
11/11/2024,4,1,41,1024,1
9/29/2024,4,1,41,1044,1
12/17/2024,4,1,41,1048,1
5/23/2024,4,1,41,1097,1
1/16/2024,4,1,41,1088,1
10/28/2024,4,1,41,1015,1
9/1/2024,4,1,41,1097,1
4/16/2024,4,1,41,1092,1
3/28/2024,4,1,41,1018,1
5/8/2024,4,1,41,1022,1
12/6/2024,4,1,41,1082,1
1/4/2024,4,1,41,1024,1
11/22/2024,4,1,41,1015,1
11/1/2024,4,1,41,1053,1
4/4/2024,4,1,41,1072,1
7/27/2024,4,1,41,1000,1
8/12/2024,4,1,41,1041,1
12/13/2024,4,1,41,1018,1
11/16/2024,4,1,41,1096,1
2/16/2024,4,1,41,1033,1
6/29/2024,4,1,41,1079,1
4/15/2024,4,1,41,1054,1
7/17/2024,4,1,41,1017,1
4/15/2024,4,1,41,1033,1
10/6/2024,4,1,41,1088,1
9/16/2024,4,1,41,1044,1
4/17/2024,4,1,41,1005,1
1/19/2024,4,1,41,1020,1
10/22/2024,4,1,41,1069,1
11/1/2024,4,1,41,1095,1
6/19/2024,4,1,41,1047,1
11/26/2024,4,1,41,1038,1
7/13/2024,4,1,41,1030,1
1/12/2024,4,1,41,1009,1
7/13/2024,4,1,41,1029,1
10/9/2024,4,1,41,1017,1
6/30/2024,4,1,41,1059,1
10/31/2024,4,1,41,1087,1
5/23/2024,4,1,41,1072,1
11/11/2024,4,1,41,1094,1
6/30/2024,4,1,41,1014,1
1/30/2024,4,1,41,1003,1
3/24/2024,4,1,41,1062,1
6/14/2024,4,1,41,1039,1
10/10/2024,4,1,41,1008,1
10/7/2024,4,1,41,1008,1
4/5/2024,4,1,41,1025,1
9/22/2024,4,1,41,1003,1
10/24/2024,4,1,41,1080,1
10/22/2024,4,1,41,1015,1
8/12/2024,4,1,41,1014,1
11/28/2024,4,1,41,1098,1
12/26/2024,4,1,41,1051,1
2/11/2024,4,1,41,1068,1
10/29/2024,4,1,41,1004,1
9/2/2024,4,1,41,1019,1
7/26/2024,4,1,41,1078,1
8/24/2024,4,1,41,1017,1
1/22/2024,4,1,41,1001,1
7/3/2024,4,1,41,1092,1
8/29/2024,4,1,41,1012,1
12/28/2024,4,1,41,1003,1
10/9/2024,4,1,41,1041,1
2/10/2024,4,1,41,1073,1
12/1/2024,4,1,41,1060,1
6/10/2024,4,1,41,1094,1
6/8/2024,4,1,41,1007,1
3/29/2024,4,1,41,1066,1
11/17/2024,4,1,41,1062,1
1/12/2024,4,1,41,1008,1
3/13/2024,4,1,41,1093,1
3/16/2024,4,1,41,1010,1
12/11/2024,4,1,41,1098,1
7/19/2024,4,1,41,1041,1
1/10/2024,4,1,41,1012,1
12/17/2024,4,1,41,1035,1
8/13/2024,4,1,41,1012,1
6/24/2024,4,1,41,1011,1
10/2/2024,4,1,41,1036,1
2/8/2024,4,1,41,1073,1
2/29/2024,4,1,41,1072,1
3/6/2024,4,1,41,1051,1
11/16/2024,4,1,41,1070,1
5/3/2024,4,1,41,1001,1
6/12/2024,4,1,41,1055,1
6/7/2024,4,1,41,1059,1
2/26/2024,4,1,41,1022,1
3/18/2024,4,1,41,1039,1
7/12/2024,4,1,41,1063,1
10/11/2024,4,1,41,1084,1
1/15/2024,4,1,41,1022,1
1/12/2024,4,1,41,1028,1
4/10/2024,4,1,41,1077,1
6/4/2024,4,1,41,1089,1
12/5/2024,4,1,41,1050,1
5/4/2024,4,1,41,1068,1
12/24/2024,4,1,41,1094,1
10/6/2024,4,1,41,1088,1
4/19/2024,4,1,41,1030,1
11/29/2024,4,1,41,1049,1
12/22/2024,4,1,41,1019,1
5/25/2024,4,1,41,1054,1
8/3/2024,4,1,41,1080,1
6/10/2024,4,1,41,1001,1
5/7/2024,4,1,41,1024,1
11/9/2024,4,1,41,1012,1
11/27/2024,4,1,41,1091,1
5/29/2024,4,1,41,1069,1
2/5/2024,4,1,41,1066,1
6/21/2024,4,1,41,1057,1
1/22/2024,4,1,41,1098,1
7/24/2024,4,1,41,1081,1
5/6/2024,4,1,41,1074,1
12/1/2024,4,1,41,1083,1
12/21/2024,4,1,41,1063,1
8/4/2024,4,1,41,1068,1
4/5/2024,4,1,41,1082,1
6/12/2024,4,1,41,1085,1
5/27/2024,4,1,41,1058,1
1/18/2024,4,1,41,1059,1
10/20/2024,4,1,41,1082,1
7/13/2024,4,1,41,1061,1
5/30/2024,4,1,41,1015,1
12/30/2024,4,1,41,1087,1
5/2/2024,4,1,41,1067,1
7/5/2024,4,1,41,1014,1
5/28/2024,4,1,41,1088,1
4/13/2024,4,1,41,1054,1
8/30/2024,4,1,41,1034,1
8/18/2024,4,1,41,1054,1
7/24/2024,4,1,41,1013,1
7/16/2024,4,1,41,1048,1
12/2/2024,4,1,41,1082,1
3/27/2024,4,1,41,1099,1
5/21/2024,4,1,41,1006,1
11/12/2024,4,1,41,1029,1
7/17/2024,4,1,41,1082,1
2/15/2024,4,1,41,1048,1
10/14/2024,4,1,41,1088,1
1/15/2024,4,1,41,1015,1
2/13/2024,4,1,41,1050,1
6/17/2024,4,1,41,1071,1
11/5/2024,4,1,41,1081,1
2/13/2024,4,1,41,1091,1
4/7/2024,4,1,41,1079,1
9/17/2024,4,1,41,1082,1
4/18/2024,4,1,41,1041,1
10/9/2024,4,1,41,1016,1
12/8/2024,4,1,41,1062,1
4/13/2024,4,1,41,1044,1
9/12/2024,4,1,41,1076,1
7/24/2024,4,1,41,1006,1
11/30/2024,4,1,41,1026,1
2/12/2024,4,1,41,1009,1
12/18/2024,4,1,41,1033,1
9/1/2024,4,1,41,1035,1
10/13/2024,4,1,41,1024,1
12/20/2024,4,1,41,1005,1
9/29/2024,4,1,41,1023,1
3/23/2024,4,1,41,1017,1
4/19/2024,4,1,41,1086,1
7/8/2024,4,1,41,1005,1
10/14/2024,4,1,41,1028,1
9/7/2024,4,1,41,1024,1
7/30/2024,4,1,41,1054,1
10/17/2024,4,1,41,1080,1
5/12/2024,4,1,41,1045,1
7/19/2024,4,1,41,1023,1
10/11/2024,4,1,41,1074,1
11/21/2024,4,1,41,1025,1
4/4/2024,4,1,41,1097,1
10/4/2024,4,1,41,1027,1
11/20/2024,4,1,41,1002,1
8/6/2024,4,1,41,1074,1
3/29/2024,4,1,41,1037,1
3/12/2024,4,1,41,1060,1
9/3/2024,4,1,41,1077,1
5/8/2024,4,1,41,1050,1
7/30/2024,4,1,41,1089,1
12/8/2024,4,1,41,1047,1
4/5/2024,4,1,41,1020,1
3/15/2024,4,1,41,1053,1
2/23/2024,4,1,41,1055,1
12/9/2024,4,1,41,1093,1
2/23/2024,4,1,41,1058,1
8/5/2024,4,1,41,1071,1
1/16/2024,4,1,41,1050,1
4/8/2024,4,1,41,1019,1
1/20/2024,4,1,41,1095,1
2/15/2024,4,1,41,1085,1
7/11/2024,4,1,41,1058,1
2/27/2024,4,1,41,1070,1
4/20/2024,4,1,41,1008,1
5/8/2024,4,1,41,1000,1
12/2/2024,4,1,41,1028,1
7/12/2024,4,1,41,1062,1
12/5/2024,4,1,41,1071,1
11/21/2024,4,1,41,1055,1
1/8/2024,4,1,41,1067,1
1/29/2024,4,1,41,1034,1
4/21/2024,4,1,41,1002,1
6/9/2024,4,1,41,1006,1
5/10/2024,4,1,41,1026,1
7/6/2024,4,1,41,1000,1
6/11/2024,4,1,41,1090,1
7/15/2024,4,1,41,1079,1
12/29/2024,4,1,41,1070,1
7/22/2024,4,1,41,1043,1
7/30/2024,4,1,41,1086,1
4/18/2024,4,1,41,1040,1
10/2/2024,4,1,41,1074,1
3/13/2024,4,1,41,1041,1
6/15/2024,4,1,41,1032,1
9/16/2024,4,1,41,1049,1
8/30/2024,4,1,41,1062,1
10/1/2024,4,1,41,1099,1
4/11/2024,4,1,41,1036,1
6/21/2024,4,1,41,1058,1
6/19/2024,4,1,41,1080,1
5/20/2024,4,1,41,1098,1
7/6/2024,4,1,41,1047,1
3/26/2024,4,1,41,1004,1
2/21/2024,4,1,41,1047,1
4/20/2024,4,1,41,1095,1
12/30/2024,4,1,41,1002,1
12/7/2024,4,1,41,1046,1
2/12/2024,4,1,41,1061,1
7/29/2024,4,1,41,1098,1
7/18/2024,4,1,41,1013,1
10/24/2024,4,1,41,1062,1
12/11/2024,4,1,41,1060,1
8/27/2024,4,1,41,1030,1
4/24/2024,4,1,41,1094,1
1/26/2024,4,1,41,1016,1
10/25/2024,4,1,41,1023,1
3/17/2024,4,1,41,1022,1
5/16/2024,4,1,41,1081,1
1/20/2024,4,1,41,1049,1
7/29/2024,4,1,41,1077,1
8/27/2024,4,1,41,1078,1
2/8/2024,4,1,41,1078,1
9/24/2024,4,1,41,1069,1
7/25/2024,4,1,41,1026,1
9/23/2024,4,1,41,1014,1
6/2/2024,4,1,41,1049,1
2/11/2024,4,1,41,1035,1
1/11/2024,4,1,41,1007,1
10/20/2024,4,1,41,1078,1
4/7/2024,4,1,41,1002,1
10/1/2024,4,1,41,1061,1
8/17/2024,4,1,41,1046,1
8/7/2024,4,1,41,1076,1
3/5/2024,4,1,41,1097,1
12/20/2024,4,1,41,1087,1
8/19/2024,4,1,41,1095,1
11/23/2024,4,1,41,1060,1
2/21/2024,4,1,41,1031,1
9/19/2024,4,1,41,1093,1
9/23/2024,4,1,41,1012,1
12/24/2024,4,1,41,1000,1
11/12/2024,4,1,41,1033,1
11/19/2024,4,1,41,1061,1
6/2/2024,4,1,41,1078,1
12/23/2024,4,1,41,1077,1
12/31/2024,4,1,41,1092,1
5/19/2024,4,1,41,1097,1
2/20/2024,4,1,41,1081,1
4/26/2024,4,1,41,1070,1
2/15/2024,4,1,41,1092,1
11/4/2024,4,1,41,1030,1
3/28/2024,4,1,41,1063,1
7/26/2024,4,1,41,1024,1
9/25/2024,4,1,41,1037,1
3/29/2024,4,1,41,1013,1
4/27/2024,4,1,41,1007,1
2/23/2024,4,1,41,1090,1
4/25/2024,4,1,41,1053,1
4/27/2024,4,1,41,1001,1
9/16/2024,4,1,41,1080,1
3/15/2024,4,1,41,1077,1
10/31/2024,4,1,41,1088,1
1/7/2024,4,1,41,1055,1
12/31/2024,4,1,41,1093,1
5/1/2024,4,1,41,1092,1
1/11/2024,4,1,41,1083,1
12/13/2024,4,1,41,1084,1
8/2/2024,4,1,41,1060,1
10/5/2024,4,1,41,1021,1
1/28/2024,4,1,41,1034,1
8/22/2024,4,1,41,1015,1
11/8/2024,4,1,41,1049,1
1/26/2024,4,1,41,1042,1
2/23/2024,4,1,41,1016,1
1/29/2024,4,1,41,1079,1
12/18/2024,4,1,41,1057,1
6/12/2024,4,1,41,1001,1
9/26/2024,4,1,41,1003,1
11/29/2024,4,1,41,1084,1
2/4/2024,4,1,41,1038,1
10/12/2024,4,1,41,1097,1
12/13/2024,4,1,41,1093,1
9/29/2024,4,1,41,1005,1
7/26/2024,4,1,41,1080,1
8/25/2024,4,1,41,1088,1
4/2/2024,4,1,41,1068,1
6/21/2024,4,1,41,1068,1
3/19/2024,4,1,41,1019,1
4/19/2024,4,1,41,1063,1
8/4/2024,4,1,41,1015,1
12/23/2024,4,1,41,1050,1
4/15/2024,4,1,41,1036,1
2/16/2024,4,1,41,1072,1
6/29/2024,4,1,41,1068,1
3/4/2024,4,1,41,1041,1
9/2/2024,4,1,41,1056,1
8/31/2024,4,1,41,1065,1
11/15/2024,4,1,41,1008,1
3/27/2024,4,1,41,1099,1
8/4/2024,4,1,41,1085,1
1/7/2024,4,1,41,1063,1
10/4/2024,4,1,41,1085,1
12/2/2024,4,1,41,1021,1
7/28/2024,4,1,41,1033,1
6/17/2024,4,1,41,1054,1
11/25/2024,4,1,41,1028,1
5/17/2024,4,1,41,1037,1
11/1/2024,4,1,41,1096,1
8/17/2024,4,1,41,1017,1
11/3/2024,4,1,41,1070,1
6/9/2024,4,1,41,1064,1
1/1/2024,4,1,41,1096,1
8/23/2024,4,1,41,1000,1
7/6/2024,4,1,41,1087,1
1/4/2024,4,1,41,1003,1
5/11/2024,4,1,41,1003,1
8/5/2024,4,1,41,1081,1
9/16/2024,4,1,41,1026,1
1/1/2024,4,1,41,1042,1
3/11/2024,4,1,41,1058,1
6/26/2024,4,1,41,1031,1
7/7/2024,4,1,41,1032,1
10/17/2024,4,1,41,1027,1
1/8/2024,4,1,41,1054,1
9/9/2024,4,1,41,1099,1
10/18/2024,4,1,41,1059,1
8/31/2024,4,1,41,1069,1
5/2/2024,4,1,41,1061,1
10/25/2024,4,1,41,1079,1
10/9/2024,4,1,41,1033,1
2/1/2024,4,1,41,1086,1
11/29/2024,4,1,41,1087,1
5/25/2024,4,1,41,1055,1
6/4/2024,4,1,41,1012,1
1/16/2024,4,1,41,1055,1
12/20/2024,4,1,41,1017,1
2/16/2024,4,1,41,1053,1
9/7/2024,4,1,41,1076,1
7/5/2024,4,1,41,1042,1
1/31/2024,4,1,41,1038,1
9/16/2024,4,1,41,1060,1
1/17/2024,4,1,41,1041,1
2/8/2024,4,1,41,1080,1
10/30/2024,4,1,41,1078,1
2/8/2024,4,1,41,1017,1
5/11/2024,4,1,41,1022,1
1/30/2024,4,1,41,1053,1
6/6/2024,4,1,41,1029,1
10/4/2024,4,1,41,1097,1
7/21/2024,4,1,41,1057,1
3/6/2024,4,1,41,1067,1
4/17/2024,4,1,41,1066,1
9/24/2024,4,1,41,1070,1
8/9/2024,4,1,41,1017,1
10/18/2024,4,1,41,1006,1
1/18/2024,4,1,41,1039,1
3/30/2024,4,1,41,1069,1
6/29/2024,4,1,41,1085,1
9/11/2024,4,1,41,1064,1
9/9/2024,4,1,41,1067,1
9/13/2024,4,1,41,1048,1
12/11/2024,4,1,41,1051,1
3/27/2024,4,1,41,1028,1
3/30/2024,4,1,41,1020,1
8/24/2024,4,1,41,1089,1
3/10/2024,4,1,41,1077,1
2/13/2024,4,1,41,1008,1
7/18/2024,4,1,41,1046,1
5/31/2024,4,1,41,1075,1
3/26/2024,4,1,41,1041,1
1/19/2024,4,1,41,1050,1
4/10/2024,4,1,41,1055,1
4/4/2024,4,1,41,1050,1
9/10/2024,4,1,41,1069,1
12/22/2024,4,1,41,1019,1
1/30/2024,4,1,41,1087,1
9/5/2024,4,1,41,1026,1
2/2/2024,4,1,41,1037,1
8/16/2024,4,1,41,1071,1
1/12/2024,4,1,41,1064,1
4/27/2024,4,1,41,1053,1
12/15/2024,4,1,41,1023,1
6/3/2024,4,1,41,1046,1
9/2/2024,4,1,41,1070,1
11/27/2024,4,1,41,1082,1
9/3/2024,4,1,41,1085,1
